Series Name,Series Code,Country Name,Country Code,1960 [YR1960],1961 [YR1961],1962 [YR1962],1963 [YR1963],1964 [YR1964],1965 [YR1965],1966 [YR1966],1967 [YR1967],1968 [YR1968],1969 [YR1969],1970 [YR1970],1971 [YR1971],1972 [YR1972],1973 [YR1973],1974 [YR1974],1975 [YR1975],1976 [YR1976],1977 [YR1977],1978 [YR1978],1979 [YR1979],1980 [YR1980],1981 [YR1981],1982 [YR1982],1983 [YR1983],1984 [YR1984],1985 [YR1985],1986 [YR1986],1987 [YR1987],1988 [YR1988],1989 [YR1989],1990 [YR1990],1991 [YR1991],1992 [YR1992],1993 [YR1993],1994 [YR1994],1995 [YR1995],1996 [YR1996],1997 [YR1997],1998 [YR1998],1999 [YR1999],2000 [YR2000],2001 [YR2001],2002 [YR2002],2003 [YR2003],2004 [YR2004],2005 [YR2005],2006 [YR2006],2007 [YR2007],2008 [YR2008],2009 [YR2009],2010 [YR2010],2011 [YR2011],2012 [YR2012],2013 [YR2013],2014 [YR2014],2015 [YR2015]
Ratio of female to male secondary enrollment (%),SE.ENR.SECO.FM.ZS,Afghanistan,AFG,..,..,..,..,..,..,..,..,..,..,0.16095,0.14981,0.13551,0.14551,0.14183,0.14393,0.15468,0.17557,0.18262,..,..,0.26319,0.45334,..,0.46728,0.46254,0.50716,..,0.50173,..,..,0.51396,..,0.37382,0.27362,0.3629,..,..,..,..,..,0,..,0.337570011615753,0.202380001544952,0.316610008478165,0.353760004043579,0.366499990224838,0.417620003223419,0.474059998989105,0.49142000079155,0.548789978027344,0.553380012512207,0.549179971218109,..,..
Ratio of female to male secondary enrollment (%),SE.ENR.SECO.FM.ZS,Albania,ALB,..,..,..,..,..,..,..,..,..,..,..,..,..,..,..,..,0.90387,..,0.90077,0.90883,0.8871,0.88371,0.89736,0.92893,0.92607,0.90358,0.89994,0.91369,0.9172,0.91664,0.90546,0.91176,0.99872,1.03599,1.00224,0.96841,0.9611,0.95107,..,0.942920029163361,0.94854998588562,0.963699996471405,..,..,0.955690026283264,0.951719999313354,0.950810015201569,0.957350015640259,0.951759994029999,..,..,..,..,..,..,..
Ratio of female to male secondary enrollment (%),SE.ENR.SECO.FM.ZS,Algeria,DZA,..,..,..,..,..,..,..,..,..,..,..,0.41117,0.4341,0.47049,0.48685,0.51393,0.52817,0.54461,0.57963,0.61292,0.63838,0.65688,0.68253,..,0.71622,0.72768,0.74313,0.73832,0.74441,0.75821,0.77323,0.7971,0.81694,0.83624,0.86122,0.88381,0.89943,0.95371,..,1.01159000396729,1.04817998409271,1.06393003463745,1.0623300075531,1.08436000347137,1.08669996261597,1.09070003032684,1.08903002738953,1.07749998569489,1.03603005409241,1.01047003269196,1.0365799665451,1.03974997997284,..,..,..,..
Ratio of female to male secondary enrollment (%),SE.ENR.SECO.FM.ZS,American Samoa,ASM,..,..,..,..,..,..,..,..,..,..,..,..,..,..,..,..,..,..,..,..,..,..,..,..,..,..,..,..,..,..,1.02954,1.0576,0.98772,..,..,..,..,..,..,..,..,..,..,..,..,..,..,..,..,..,..,..,..,..,..,..
Ratio of female to male secondary enrollment (%),SE.ENR.SECO.FM.ZS,Andorra,ADO,..,..,..,..,..,..,..,..,..,..,..,1.01363,1.2241,0.96722,1.52147,1.13892,2.0276,..,..,..,..,..,..,1.10867,..,..,..,..,..,..,..,..,..,..,..,..,..,..,..,..,..,..,..,..,..,..,..,..,..,..,..,..,..,..,..,..
Ratio of female to male secondary enrollment (%),SE.ENR.SECO.FM.ZS,Angola,AGO,..,..,..,..,..,..,..,..,..,..,..,0.70141,0.72513,..,..,..,..,..,..,..,..,..,0.47978,0.4925,..,..,..,..,..,..,..,..,..,..,..,..,..,..,0.78062,0.755389988422394,0.81716001033783,0.778900027275085,0.827730000019073,..,..,..,..,..,0.769209980964661,0.764559984207153,0.684979975223541,0.648230016231537,..,..,..,..
Ratio of female to male secondary enrollment (%),SE.ENR.SECO.FM.ZS,Antigua and Barbuda,ATG,..,..,..,..,..,..,..,..,..,..,..,..,0.79521,..,1.03246,1.15217,..,1.05956,0.72351,..,..,..,..,..,..,..,..,..,..,..,..,..,0.97654,..,..,..,..,..,..,..,0.889100015163422,..,..,..,..,..,..,0.957229971885681,0.935060024261475,0.990960001945496,1.00917994976044,0.991389989852905,1.15249001979828,..,..,..
Ratio of female to male secondary enrollment (%),SE.ENR.SECO.FM.ZS,Argentina,ARG,..,..,..,..,..,..,..,..,..,..,1.13659,1.12333,1.10256,1.11461,1.11756,1.13171,1.1297,1.14023,1.14553,1.1373,1.14629,1.15634,1.11516,1.07908,1.1101,1.1262,1.11214,1.09165,1.09787,..,..,..,..,..,..,..,1.11068,1.09732,1.0614,1.04964005947113,1.04683005809784,1.03473997116089,1.03033995628357,1.07099997997284,1.10382997989655,1.11368000507355,1.12231004238129,1.13180994987488,1.13585996627808,1.12480998039246,1.11436998844147,1.1057300567627,1.08858001232147,..,..,..
Ratio of female to male secondary enrollment (%),SE.ENR.SECO.FM.ZS,Armenia,ARM,..,..,..,..,..,..,..,..,..,..,..,..,..,..,..,..,..,..,..,..,..,..,..,..,..,..,..,..,..,..,..,..,..,..,..,..,..,..,..,..,1.0867999792099,..,..,..,..,..,..,1.13952004909515,1.15146994590759,1.14995002746582,..,..,..,..,..,..
Ratio of female to male secondary enrollment (%),SE.ENR.SECO.FM.ZS,Aruba,ABW,..,..,..,..,..,..,..,..,..,..,..,..,..,..,..,..,..,..,..,..,..,..,..,..,..,..,..,..,..,..,..,..,..,..,..,..,..,..,..,1.05887997150421,1.03342998027802,1.04704999923706,1.05408000946045,1.04877996444702,1.00032997131348,1.00445997714996,0.987909972667694,1.03064000606537,1.07120001316071,1.04960000514984,1.05154001712799,1.05634999275208,1.01679003238678,..,..,..
Ratio of female to male secondary enrollment (%),SE.ENR.SECO.FM.ZS,Australia,AUS,..,..,..,..,..,..,..,..,..,..,..,..,..,..,..,..,..,..,..,..,..,..,..,..,..,..,..,..,..,..,..,..,..,1.00548,0.99772,0.99605,0.99594,1.02998,1.03573,0.997319996356964,1.00125002861023,0.981130003929138,0.966750025749207,0.971499979496002,0.959800004959106,0.955649971961975,0.976939976215363,0.983200013637543,0.976490020751953,0.958739995956421,0.948040008544922,0.945850014686584,0.94529002904892,0.92602002620697,..,..
Ratio of female to male secondary enrollment (%),SE.ENR.SECO.FM.ZS,Austria,AUT,..,..,..,..,..,..,..,..,..,..,..,0.90129,..,..,..,..,0.88506,..,..,..,..,0.89063,0.90632,0.90088,0.90207,0.92454,0.90937,0.89985,0.90667,0.92159,0.91429,0.92402,0.92611,0.93431,0.94116,0.94276,0.94691,0.95234,0.94306,0.951229989528656,0.956499993801117,0.958029985427856,0.950969994068146,0.949530005455017,0.947549998760223,0.955209970474243,0.963349997997284,0.962759971618652,0.959550023078918,0.95635998249054,0.96152001619339,0.961319983005524,0.960330009460449,0.962400019168854,..,..
Ratio of female to male secondary enrollment (%),SE.ENR.SECO.FM.ZS,Azerbaijan,AZE,..,..,..,..,..,..,..,..,..,..,..,..,..,..,..,..,..,..,..,..,..,0.97397,..,..,..,..,0.96101,..,..,..,..,1.00387,0.98369,0.96014,0.93974,1.03052,1.05017,1.08641,..,..,..,..,..,..,..,..,0.963639974594116,0.965749979019165,0.987550020217896,1.02911996841431,0.985180020332336,0.979589998722076,0.986129999160767,..,..,..
Ratio of female to male secondary enrollment (%),SE.ENR.SECO.FM.ZS,"Bahamas, The",BHS,..,..,..,..,..,..,..,..,..,..,..,..,..,..,..,..,..,..,..,..,..,..,1.13275,1.14572,..,1.16205,1.14475,1.0962,..,..,..,..,1.02439,1.01652,..,0.99951,..,1.24858,..,0.985689997673035,..,..,1.04052996635437,..,0.98988002538681,0.996089994907379,1.00176000595093,1.02780997753143,1.01672995090485,1.0210599899292,1.05352997779846,..,..,..,..,..
Ratio of female to male secondary enrollment (%),SE.ENR.SECO.FM.ZS,Bahrain,BHR,..,..,..,..,..,..,..,..,..,..,..,0.72388,0.85153,0.88672,0.94077,0.94698,0.96126,0.94388,0.92392,0.86005,0.84867,0.80903,0.84775,0.86109,0.91054,0.9246,0.95471,0.95682,0.97236,1.00778,1.02303,1.04297,1.07133,1.06755,1.05951,1.0403,1.04901,1.08246,1.07791,1.08192002773285,1.07016003131866,1.10114002227783,1.16852998733521,1.16024994850159,1.12360000610352,1.08088004589081,1.018630027771,..,0.990620017051697,0.983759999275208,0.976960003376007,0.960319995880127,..,..,..,..
Ratio of female to male secondary enrollment (%),SE.ENR.SECO.FM.ZS,Bangladesh,BGD,..,..,..,..,..,..,..,..,..,..,..,..,..,0.35236,..,..,0.34264,0.28287,..,0.26613,0.33331,0.24215,..,..,0.42183,0.40859,0.47369,0.46361,0.48036,0.49651,0.50988,..,..,..,..,..,..,..,0.94306,0.994329988956451,1.03302001953125,1.08557999134064,1.10439002513885,1.10388994216919,1.02971994876862,1.06947004795074,1.05944001674652,1.05539000034332,1.12729001045227,1.08055996894836,1.12536001205444,1.15353000164032,1.13818001747131,..,..,..
Ratio of female to male secondary enrollment (%),SE.ENR.SECO.FM.ZS,Barbados,BRB,..,..,..,..,..,..,..,..,..,..,..,1.02527,1.02099,1.01011,1.00101,1.02657,1.1104,1.11924,1.09884,1.10843,1.17056,1.01444,1.08334,1.04047,1.04506,1.02941,..,..,..,1.06266,0.89612,..,..,..,..,..,..,..,..,1.11984002590179,1.11043000221252,1.08019995689392,1.07990002632141,1.09211003780365,1.08592998981476,1.07035005092621,1.10587000846863,1.09696996212006,1.11137998104095,1.10336005687714,1.09088003635406,1.12191998958588,..,..,..,..
Ratio of female to male secondary enrollment (%),SE.ENR.SECO.FM.ZS,Belarus,BLR,..,..,..,..,..,..,..,..,..,..,..,1.0322,0.97983,0.95158,0.93963,0.97689,1.07084,1.06059,1.06315,1.06554,1.05192,..,..,..,..,..,..,1.04529,1.04601,1.04411,1.04304,..,..,..,..,..,..,..,1.04559,..,..,..,..,..,..,..,..,..,0.970329999923706,0.969730019569397,0.968349993228912,0.967209994792938,0.964969992637634,0.976360023021698,..,..
Ratio of female to male secondary enrollment (%),SE.ENR.SECO.FM.ZS,Belgium,BEL,..,..,..,..,..,..,..,..,..,..,..,0.97569,0.97263,0.9793,0.98067,0.99298,0.99417,1.01157,1.01676,1.01649,1.02621,1.03309,1.0278,1.03841,1.02333,1.02491,1.01401,1.01093,1.0078,1.00795,1.01089,1.00859,1.006,1.05695,1.05852,1.0718,1.06878,..,..,1.07290005683899,1.10081005096436,1.11096000671387,1.11805999279022,1.1000200510025,0.966849982738495,0.966989994049072,0.968829989433289,0.964770019054413,0.968810021877289,0.97272002696991,0.9723299741745,0.969990015029907,0.97460001707077,1.13452994823456,..,..
Ratio of female to male secondary enrollment (%),SE.ENR.SECO.FM.ZS,Belize,BLZ,..,..,..,..,..,..,..,..,..,..,..,..,..,..,..,..,..,..,..,..,..,..,..,..,..,..,1.0584,1.02909,..,..,..,1.05134,..,..,1.01221,1.02785,..,..,..,1.07115995883942,1.05704998970032,1.05718994140625,..,1.04928994178772,1.07084000110626,1.03828001022339,1.05176997184753,1.06433999538422,1.07805001735687,1.08006000518799,1.09440994262695,1.08343994617462,1.04976999759674,1.06352996826172,..,..
Ratio of female to male secondary enrollment (%),SE.ENR.SECO.FM.ZS,Benin,BEN,..,..,..,..,..,..,..,..,..,..,..,0.42793,..,0.43447,0.44208,0.48339,..,0.37815,..,..,..,..,..,..,..,0.40145,0.38686,0.39099,..,..,..,..,..,..,..,..,..,..,..,0.44870999455452,0.445450007915497,0.460180014371872,0.460810005664825,0.455619990825653,0.45974999666214,0.545379996299744,..,..,..,..,..,0.609830021858215,..,0.656710028648376,..,..
Ratio of female to male secondary enrollment (%),SE.ENR.SECO.FM.ZS,Bermuda,BMU,..,..,..,..,..,..,..,..,..,..,..,1.15699,0.99019,1.14363,1.14432,1.14557,1.10016,1.09378,1.0832,1.00535,1.00271,..,..,..,..,..,..,..,..,..,..,..,..,..,..,..,..,..,..,..,..,1.06954002380371,1.08554005622864,1.129390001297,1.15877997875214,1.1314400434494,1.08937001228333,..,..,..,1.18075001239777,1.17548000812531,1.16376996040344,1.16673994064331,..,..
Ratio of female to male secondary enrollment (%),SE.ENR.SECO.FM.ZS,Bhutan,BTN,..,..,..,..,..,..,..,..,..,..,0.0352,0.08123,0.08343,..,0.10957,..,..,0.18974,..,..,..,..,..,0.2088,0.21499,..,..,..,..,..,..,..,..,..,..,..,..,..,0.75586,0.771879971027374,0.794200003147125,0.832610011100769,..,..,..,0.886730015277863,0.916050016880035,0.93629002571106,0.949400007724762,1.00110995769501,1.01614999771118,1.04312002658844,1.05835998058319,1.06976997852325,..,..
Ratio of female to male secondary enrollment (%),SE.ENR.SECO.FM.ZS,Bolivia,BOL,..,..,..,..,..,..,..,..,..,..,..,0.69394,..,..,..,..,..,..,..,..,..,..,..,..,..,..,..,..,..,..,..,..,..,..,..,..,..,..,0.93101,0.932650029659271,0.958310008049011,0.962459981441498,0.962989985942841,0.967000007629395,..,..,0.957599997520447,0.968959987163544,0.979179978370667,0.992039978504181,0.99592000246048,1.00432002544403,1.00326001644135,1.00178003311157,..,..
Ratio of female to male secondary enrollment (%),SE.ENR.SECO.FM.ZS,Bosnia and Herzegovina,BIH,..,..,..,..,..,..,..,..,..,..,..,..,..,..,..,..,..,..,..,..,..,..,..,..,..,..,..,..,..,..,..,..,..,..,..,..,..,..,..,..,..,..,..,..,..,..,..,..,..,..,..,..,..,..,..,..
Ratio of female to male secondary enrollment (%),SE.ENR.SECO.FM.ZS,Botswana,BWA,..,..,..,..,..,..,..,..,..,..,0.82674,0.88249,0.86163,0.9492,1.04869,1.07955,1.14216,1.19875,1.14044,1.18649,1.20282,1.2475,..,1.19021,1.15127,1.13365,1.09841,1.04657,1.03727,1.08059,1.11247,1.17756,1.1591,1.13795,1.09919,1.10093,..,..,1.08522,1.06856000423431,1.05290997028351,1.0497499704361,1.05779004096985,1.05480003356934,1.05139005184174,1.04892003536224,1.05720996856689,1.05402994155884,1.06466996669769,..,..,..,..,..,..,..
Ratio of female to male secondary enrollment (%),SE.ENR.SECO.FM.ZS,Brazil,BRA,..,..,..,..,..,..,..,..,..,..,..,..,..,..,..,..,..,..,..,..,..,..,..,..,..,..,..,..,..,..,..,..,..,..,..,..,..,..,..,..,..,..,..,..,..,..,..,..,..,..,..,..,..,..,..,..
Ratio of female to male secondary enrollment (%),SE.ENR.SECO.FM.ZS,Brunei Darussalam,BRN,..,..,..,..,..,..,..,..,..,..,0.85266,0.88619,0.90699,0.93514,0.94332,0.95956,1.00637,1.03597,1.06033,1.07427,1.06691,1.08019,1.07233,1.08763,1.0883,..,..,..,..,..,..,1.08826,1.11352,1.10073,1.07672,..,..,..,1.06118,1.06187999248505,1.04091000556946,1.03666996955872,1.02871000766754,1.03696000576019,1.03058004379272,1.02269995212555,1.02427995204926,1.02065002918243,1.011510014534,1.00768995285034,1.01233005523682,0.997229993343353,1.01178002357483,1.01803004741669,..,..
Ratio of female to male secondary enrollment (%),SE.ENR.SECO.FM.ZS,Bulgaria,BGR,..,..,..,..,..,..,..,..,..,..,..,0.98666,0.993,0.9945,0.99804,1.00601,0.97743,0.9952,0.9793,0.97682,0.97879,0.99146,0.99345,0.99334,0.99539,0.99448,0.99495,0.99341,0.99446,0.9925,0.99671,1.00194,1.00447,0.99949,0.99709,0.99889,0.99291,0.99781,0.98541,0.982469975948334,0.978500008583069,0.978690028190613,0.976400017738342,0.975059986114502,0.959930002689362,0.956789970397949,0.9582399725914,0.958310008049011,0.966929972171783,0.964439988136292,0.955850005149841,0.950820028781891,0.956979990005493,0.95372998714447,..,..
Ratio of female to male secondary enrollment (%),SE.ENR.SECO.FM.ZS,Burkina Faso,BFA,..,..,..,..,..,..,..,..,..,..,..,0.3986,0.39107,0.4254,0.43834,0.45415,0.47285,0.42249,..,0.49699,0.5787,0.51524,0.55394,0.51727,0.53273,0.55001,0.51752,..,..,..,..,..,..,..,0.55646,..,..,..,..,0.617749989032745,0.656220018863678,0.662469983100891,..,0.683650016784668,0.695230007171631,0.707570016384125,0.724259972572327,0.732789993286133,0.741789996623993,0.74466997385025,0.763670027256012,0.780309975147247,0.811360001564026,0.846319973468781,..,..
Ratio of female to male secondary enrollment (%),SE.ENR.SECO.FM.ZS,Burundi,BDI,..,..,..,..,..,..,..,..,..,..,..,0.24419,0.26133,0.3331,0.39052,0.42014,0.43038,0.47598,0.45824,0.46264,0.46955,0.4596,0.56292,0.47357,0.47973,0.51071,0.49982,0.54522,0.56219,0.58731,0.61239,0.57525,0.60005,0.62428,..,..,..,..,..,..,..,..,..,0.758830010890961,0.739989995956421,0.721970021724701,0.719210028648376,0.69608998298645,..,0.693159997463226,0.688390016555786,0.706160008907318,0.734660029411316,0.78413999080658,..,..
Ratio of female to male secondary enrollment (%),SE.ENR.SECO.FM.ZS,Cabo Verde,CPV,..,..,..,..,..,..,..,..,..,..,..,..,0.98149,..,..,..,..,..,..,..,..,..,..,..,..,..,..,0.86213,0.95669,0.99838,1.06983,..,..,..,0.96583,..,..,..,..,..,..,1.06402003765106,1.04618000984192,1.09182000160217,1.10324001312256,1.11755001544952,1.1659699678421,1.19930005073547,1.11791002750397,1.19579005241394,1.19862997531891,1.18376994132996,1.19051003456116,1.15600001811981,..,..
Ratio of female to male secondary enrollment (%),SE.ENR.SECO.FM.ZS,Cambodia,KHM,..,..,..,..,..,..,..,..,..,..,..,0.44243,..,..,..,..,..,..,..,..,..,..,..,..,..,..,..,..,..,..,..,..,..,..,..,..,..,..,0.54156,0.532519996166229,0.546819984912872,0.567900002002716,0.6041100025177,0.644240021705627,0.699790000915527,..,0.793330013751984,0.82217001914978,0.852240025997162,..,..,..,..,..,..,..
Ratio of female to male secondary enrollment (%),SE.ENR.SECO.FM.ZS,Cameroon,CMR,..,..,..,..,..,..,..,..,..,..,..,0.40139,0.42372,0.44151,0.46677,0.46363,0.48383,0.50973,0.52419,0.53831,0.54871,0.54882,0.56464,0.56971,0.59108,0.61351,0.62815,0.64579,0.65811,0.67372,0.68381,0.71236,0.7167,..,..,0.68535,..,0.80211,0.72615,0.838090002536774,..,0.810479998588562,0.615059971809387,0.835520029067993,0.787450015544891,0.788240015506744,0.791270017623901,0.774909973144531,0.798959970474243,0.833920001983643,..,0.845340013504028,0.85563999414444,0.855490028858185,..,..
Ratio of female to male secondary enrollment (%),SE.ENR.SECO.FM.ZS,Canada,CAN,..,..,..,..,..,..,..,..,..,..,..,0.99295,0.99166,0.997,1.00848,1.01067,1.01489,1.01773,1.01981,1.02047,1.02501,1.02139,1.01295,1.00096,1.00081,1.00148,1.00083,1.00013,1.00293,1.01757,1.00869,1.0049,0.99953,0.99369,0.99495,1.00081,1.00147,..,0.99389,1.01704001426697,1.01924002170563,..,..,..,..,0.977299988269806,0.979019999504089,0.977500021457672,0.976159989833832,0.976469993591309,0.976260006427765,0.979600012302399,0.994319975376129,..,..,..
Ratio of female to male secondary enrollment (%),SE.ENR.SECO.FM.ZS,Cayman Islands,CYM,..,..,..,..,..,..,..,..,..,..,..,..,..,..,..,..,..,..,..,..,..,..,..,..,..,..,..,..,..,..,..,..,..,..,..,..,..,..,..,..,..,..,..,..,..,..,..,..,..,..,..,..,..,..,..,..
Ratio of female to male secondary enrollment (%),SE.ENR.SECO.FM.ZS,Central African Republic,CAF,..,..,..,..,..,..,..,..,..,..,..,0.22923,0.20555,0.19444,..,..,0.21654,0.21509,0.26418,0.26693,0.34261,0.35309,0.3515,..,..,..,0.36344,0.399,0.37949,0.40521,0.39724,0.40986,0.40965,..,..,..,..,..,..,..,..,0.52157998085022,..,..,..,..,..,..,..,0.556840002536774,..,0.550339996814728,0.512750029563904,..,..,..
Ratio of female to male secondary enrollment (%),SE.ENR.SECO.FM.ZS,Chad,TCD,..,..,..,..,..,..,..,..,..,..,..,0.07857,0.08717,..,0.11726,..,..,..,..,..,..,..,..,..,..,0.18035,..,0.18851,..,0.198,0.22394,..,..,..,0.2232,0.23841,0.24978,0.25869,0.26229,0.264400005340576,0.287730008363724,0.308079987764359,0.335409998893738,0.324510008096695,0.3333800137043,0.347369998693466,0.35971999168396,0.449470013380051,0.412580013275146,0.413280010223389,0.42315000295639,0.437770009040833,0.457379996776581,..,..,..
Ratio of female to male secondary enrollment (%),SE.ENR.SECO.FM.ZS,Channel Islands,CHI,..,..,..,..,..,..,..,..,..,..,..,..,..,..,..,..,..,..,..,..,..,..,..,..,..,..,..,..,..,..,..,..,..,..,..,..,..,..,..,..,..,..,..,..,..,..,..,..,..,..,..,..,..,..,..,..
Ratio of female to male secondary enrollment (%),SE.ENR.SECO.FM.ZS,Chile,CHL,..,..,..,..,..,..,..,..,..,..,1.08227,1.05968,1.05805,1.06975,1.0988,1.09381,1.11398,1.09095,1.0854,1.09642,1.09002,1.10287,1.06036,1.05823,1.05135,1.05681,1.05191,..,..,1.04688,1.05504,1.01574,1.02815,1.05557,..,..,..,..,1.04143,1.03907001018524,1.02258002758026,..,1.0173499584198,1.01268994808197,1.01382994651794,1.01257002353668,1.01988005638123,1.0251100063324,1.02567005157471,1.02866995334625,1.03032994270325,1.03032004833221,1.03539001941681,1.00986003875732,..,..
Ratio of female to male secondary enrollment (%),SE.ENR.SECO.FM.ZS,China,CHN,..,..,..,..,..,..,..,..,..,..,..,..,..,..,..,..,0.69571,0.72842,0.76733,0.75756,0.73453,0.69707,0.68406,0.69108,0.6985,0.71227,0.70521,0.73249,0.73416,0.74051,0.7328,0.74726,0.77127,0.78724,0.83156,0.85492,0.8766,0.88274,..,..,..,0.946990013122559,..,0.959429979324341,..,..,1.00821995735168,1.01576995849609,1.0277099609375,1.03966999053955,1.00926995277405,1.0146199464798,1.021360039711,1.03127002716064,..,..
Ratio of female to male secondary enrollment (%),SE.ENR.SECO.FM.ZS,Colombia,COL,..,..,..,..,..,..,..,..,..,..,0.97539,0.98451,0.9982,1.0111,1.02352,1.02441,1.02539,1.02645,1.03227,1.0344,1.03884,1.04449,1.04448,1.1637,1.02567,1.02551,1.02861,1.02555,1.02632,1.02696,..,1.19047,1.19528,1.16122,..,1.15444,1.05047,..,1.1134,1.1090099811554,1.10135996341705,..,1.10418999195099,..,1.10854995250702,1.10554003715515,1.11319994926453,1.11063003540039,1.09993994235992,1.10172998905182,1.09721004962921,1.08853995800018,1.08801996707916,1.08087003231049,..,..
Ratio of female to male secondary enrollment (%),SE.ENR.SECO.FM.ZS,Comoros,COM,..,..,..,..,..,..,..,..,..,..,..,0.34468,..,0.29319,..,..,..,..,..,..,..,0.5208,..,..,..,..,0.64406,0.6717,..,..,..,..,..,..,..,..,..,..,..,0.810970008373261,..,..,0.84469997882843,0.833270013332367,0.756749987602234,..,..,..,..,..,..,..,..,1.03505003452301,..,..
Ratio of female to male secondary enrollment (%),SE.ENR.SECO.FM.ZS,"Congo, Dem. Rep.",ZAR,..,..,..,..,..,..,..,..,..,..,..,0.27343,0.28908,0.33665,0.37016,0.36204,0.35963,0.35887,0.35955,0.36113,0.36877,0.37678,0.38493,0.39363,0.40289,0.41271,0.42308,0.43371,0.47476,..,..,..,0.48299,0.47132,0.44735,0.60921,..,..,..,..,..,..,..,..,..,..,..,0.53329998254776,0.55510002374649,0.560840010643005,0.575879991054535,0.586250007152557,0.590420007705688,0.618330001831055,..,..
Ratio of female to male secondary enrollment (%),SE.ENR.SECO.FM.ZS,"Congo, Rep.",COG,..,..,..,..,..,..,..,..,..,..,..,0.43549,0.46621,0.52767,0.54558,0.55541,0.56894,0.59644,0.62305,0.63558,0.64575,0.70719,0.71294,..,0.70993,0.75069,0.77935,0.80431,0.81609,0.80709,0.76198,..,0.76462,..,..,..,0.75321,..,..,..,..,..,0.74260002374649,0.687789976596832,0.84486997127533,..,..,..,..,..,..,..,0.867410004138947,..,..,..
Ratio of female to male secondary enrollment (%),SE.ENR.SECO.FM.ZS,Costa Rica,CRI,..,..,..,..,..,..,..,..,..,..,1.07085,1.08588,1.09745,1.12845,1.10046,1.10815,1.13921,1.1605,..,1.17475,1.19007,1.16794,1.15959,1.15299,1.12014,1.11553,1.08662,1.06888,1.05195,1.04104,1.05084,1.06167,1.06294,1.08281,1.08506,1.09118,1.10288,1.11735,1.08903,1.09843003749847,1.09121000766754,1.07878005504608,1.07792997360229,..,1.06069004535675,1.06082999706268,1.06284999847412,1.0514600276947,1.05891001224518,1.0615199804306,1.05697000026703,1.05476999282837,1.05330002307892,1.07190001010895,..,..
Ratio of female to male secondary enrollment (%),SE.ENR.SECO.FM.ZS,Cote d'Ivoire,CIV,..,..,..,..,..,..,..,..,..,..,..,0.28166,0.30369,0.30217,0.31416,..,..,..,..,..,..,0.43661,..,0.42036,0.43275,..,..,..,..,..,..,..,..,..,..,..,..,..,..,0.540000021457672,..,..,..,..,..,..,..,..,..,..,..,..,..,0.678260028362274,..,..
Ratio of female to male secondary enrollment (%),SE.ENR.SECO.FM.ZS,Croatia,HRV,..,..,..,..,..,..,..,..,..,..,..,..,..,..,..,..,..,..,..,..,..,..,..,..,..,..,..,..,..,..,..,..,..,1.03496,1.02621,1.02467,1.02357,1.01705,1.01401,1.01845002174377,1.02137994766235,1.02022004127502,1.01895999908447,1.01540994644165,..,1.03096997737885,1.03199005126953,1.03339004516602,1.03469002246857,1.03735995292664,1.0698299407959,1.03913998603821,1.03778994083405,..,..,..
Ratio of female to male secondary enrollment (%),SE.ENR.SECO.FM.ZS,Cuba,CUB,..,..,..,..,..,..,..,..,..,..,..,..,1.00354,0.98273,0.96909,0.97988,..,..,1.07924,1.08929,1.06297,1.05582,1.05776,1.08229,1.04837,1.05605,1.06595,1.06485,1.08225,1.10849,1.12581,1.14814,1.16501,1.13943,1.11824,1.12963,1.05323,1.11657,..,1.05938005447388,1.04233002662659,1.04793000221252,0.990220010280609,0.98241001367569,1.01629996299744,1.01574003696442,1.01791000366211,1.0022200345993,0.995459973812103,0.992999970912933,0.987150013446808,0.987810015678406,1.00492000579834,0.996070027351379,..,..
Ratio of female to male secondary enrollment (%),SE.ENR.SECO.FM.ZS,Curacao,CUW,..,..,..,..,..,..,..,..,..,..,..,..,..,..,..,..,..,..,..,..,..,..,..,..,..,..,..,..,..,..,..,..,..,..,..,..,..,..,..,..,..,..,..,..,..,..,..,..,..,..,..,..,..,1.06429004669189,..,..
Ratio of female to male secondary enrollment (%),SE.ENR.SECO.FM.ZS,Cyprus,CYP,..,..,..,..,..,..,..,..,..,..,..,0.90701,0.93503,0.95313,0.97847,0.93606,0.9541,0.95707,0.97324,0.98822,1.00956,1.01596,1.03408,1.05204,1.05126,1.04736,1.04082,1.05341,1.04849,1.04054,1.02944,1.03194,1.03857,1.02193,1.01438,1.012,1.02216,1.02403,..,1.03109002113342,1.02259004116058,1.00957000255585,1.02155995368958,1.01693999767303,1.02743005752563,1.01907002925873,1.01705002784729,1.01844000816345,1.01113998889923,1.01315999031067,1.01189994812012,1.01495003700256,1.0183299779892,..,..,..
Ratio of female to male secondary enrollment (%),SE.ENR.SECO.FM.ZS,Czech Republic,CZE,..,..,..,..,..,..,..,..,..,..,..,1.04868,1.04974,1.05038,1.05081,1.05042,1.05014,1.04969,1.05003,1.05142,1.05367,..,1.07038,1.07008,1.06696,1.06389,1.06153,1.18075,1.17967,0.94629,0.91431,0.96906,1.0401,1.06467,1.00911,1.02749,1.0317,1.03157,1.04654,1.0419100522995,1.01778995990753,1.03031003475189,1.02737998962402,1.02517998218536,1.01213002204895,1.01473999023438,1.01396000385284,1.01229000091553,1.01238000392914,1.01196002960205,1.00543999671936,1.00133001804352,1.00187003612518,1.00760996341705,..,..
Ratio of female to male secondary enrollment (%),SE.ENR.SECO.FM.ZS,Denmark,DNK,..,..,..,..,..,..,..,..,..,..,..,..,..,..,..,..,..,..,0.95446,0.95136,0.97393,0.99073,0.99599,0.98799,0.99213,0.99227,1.00254,1.00274,1.00756,1.00849,1.0218,1.01348,1.01709,1.02587,1.02796,1.02806,1.02658,..,1.03905,1.04975998401642,1.04084002971649,1.04725003242493,1.04887998104095,1.05499994754791,1.04925000667572,1.03761005401611,1.03466999530792,1.03182005882263,1.02900004386902,1.01988995075226,1.00907003879547,1.0164999961853,1.01012003421783,1.02006995677948,..,..
Ratio of female to male secondary enrollment (%),SE.ENR.SECO.FM.ZS,Djibouti,DJI,..,..,..,..,..,..,..,..,..,..,..,0.37495,..,0.4824,0.44942,0.38149,0.36504,..,..,..,..,..,0.61808,0.62881,0.59927,0.60559,0.65233,0.715,0.72823,0.70225,..,..,0.66922,0.76326,0.74045,0.69107,0.73066,0.71126,..,0.724049985408783,0.65939998626709,0.62652999162674,0.623000025749207,..,0.69243997335434,0.667370021343231,0.676029980182648,0.70566999912262,0.702149987220764,0.737900018692017,..,0.803139984607697,0.770839989185333,0.769330024719238,0.81098997592926,..
Ratio of female to male secondary enrollment (%),SE.ENR.SECO.FM.ZS,Dominica,DMA,..,..,..,..,..,..,..,..,..,..,..,..,..,1.44964,1.71059,1.77653,1.51918,1.60066,1.53158,1.50473,..,..,..,..,..,..,1.25557,1.30558,..,..,1.20346,..,..,..,..,..,..,..,..,1.32879996299744,1.12878000736237,1.09463000297546,1.12590003013611,1.12862002849579,1.0896600484848,1.08186995983124,1.07270002365112,1.08607995510101,1.04326999187469,1.11629998683929,1.09248995780945,1.07082998752594,..,..,..,..
Ratio of female to male secondary enrollment (%),SE.ENR.SECO.FM.ZS,Dominican Republic,DOM,..,..,..,..,..,..,..,..,..,..,..,..,..,..,..,..,..,..,..,..,..,..,..,..,..,..,..,..,..,..,..,..,..,..,..,..,..,..,1.23952,1.23986995220184,1.22721004486084,..,1.20899999141693,..,1.17166996002197,1.19349002838135,..,1.20311999320984,1.18646001815796,1.13124001026154,1.12493002414703,1.12918996810913,1.1196700334549,..,..,..
Ratio of female to male secondary enrollment (%),SE.ENR.SECO.FM.ZS,Ecuador,ECU,..,..,..,..,..,..,..,..,..,..,..,0.85106,0.86062,0.87942,0.90346,0.92969,0.93052,0.93122,0.936,1.02447,0.98749,0.99845,0.99984,1.03694,1.03214,1.02169,1.03861,1.03949,1.04317,..,..,..,..,1.02006,..,..,1.045,..,1.04114,1.02599000930786,1.01589000225067,1.019700050354,1.00594997406006,1.01610994338989,1.00144004821777,1.00964999198914,1.01443994045258,1.01143002510071,..,..,1.01387000083923,1.01456999778748,1.01640999317169,1.048220038414,..,..
Ratio of female to male secondary enrollment (%),SE.ENR.SECO.FM.ZS,"Egypt, Arab Rep.",EGY,..,..,..,..,..,..,..,..,..,..,..,0.51664,0.52651,0.53489,0.54456,0.53258,0.55658,0.57405,0.57821,0.59533,0.59811,0.6192,0.63498,0.64892,0.6616,0.67542,0.69179,0.70578,0.72585,0.74116,0.77524,0.79826,0.84214,0.84742,0.83665,0.8728,0.87093,0.86686,..,0.914210021495819,0.925469994544983,0.933730006217957,..,0.935739994049072,0.939570009708405,..,..,..,..,0.981360018253326,0.963739991188049,0.979990005493164,0.981040000915527,0.973999977111816,..,..
Ratio of female to male secondary enrollment (%),SE.ENR.SECO.FM.ZS,El Salvador,SLV,..,..,..,..,..,..,..,..,..,..,0.88768,0.7943,0.79099,0.78427,0.79685,0.81589,0.83914,0.8306,0.84914,0.85727,0.88447,..,..,0.9839,1.02084,..,..,..,1.10479,1.02706,..,1.12177,1.07217,1.06133,..,..,..,..,0.98002,0.97053998708725,0.990199983119965,1.00147998332977,1.00283002853394,1.01670002937317,1.01997005939484,1.02854001522064,1.04138994216919,1.04109001159668,1.03197002410889,1.02026998996735,1.01432001590729,1.00292003154755,1.00221002101898,1.00938999652863,..,..
Ratio of female to male secondary enrollment (%),SE.ENR.SECO.FM.ZS,Equatorial Guinea,GNQ,..,..,..,..,..,..,..,..,..,..,..,0.34441,..,..,..,..,0.1978,..,..,..,..,..,..,..,..,..,..,..,..,..,..,..,..,0.44088,0.52781,..,..,..,..,0.370660006999969,0.440939992666245,..,0.575119972229004,..,..,0.71969997882843,..,..,..,..,..,..,..,..,..,..
Ratio of female to male secondary enrollment (%),SE.ENR.SECO.FM.ZS,Eritrea,ERI,..,..,..,..,..,..,..,..,..,..,..,..,..,..,..,..,..,..,..,..,..,..,..,..,..,..,..,..,..,..,..,..,..,..,..,..,..,..,..,..,..,..,..,..,..,..,..,..,..,..,..,..,..,..,..,..
Ratio of female to male secondary enrollment (%),SE.ENR.SECO.FM.ZS,Estonia,EST,..,..,..,..,..,..,..,..,..,..,..,..,..,..,..,..,..,..,..,..,..,..,..,..,..,..,..,..,..,..,..,..,1.07668,1.07025,1.13066,1.1213,1.10901,..,1.04468,1.03978002071381,1.03562998771667,1.02313995361328,1.02076995372772,1.03741002082825,1.02602994441986,1.01891994476318,1.02795994281769,1.02506005764008,1.02789998054504,1.01786994934082,0.997829973697662,0.986209988594055,0.990140020847321,0.995620012283325,..,..
Ratio of female to male secondary enrollment (%),SE.ENR.SECO.FM.ZS,Ethiopia,ETH,..,..,..,..,..,..,..,..,..,..,..,0.33151,0.33931,..,0.37651,..,..,..,..,..,..,..,..,..,0.5646,..,..,..,..,..,..,0.77285,0.84311,0.87478,0.84333,0.79509,0.75644,..,..,0.67562997341156,0.667249977588654,0.659669995307922,0.62228000164032,0.57463002204895,0.574549973011017,0.599629998207092,0.632579982280731,..,..,..,..,..,..,..,..,..
Ratio of female to male secondary enrollment (%),SE.ENR.SECO.FM.ZS,Faeroe Islands,FRO,..,..,..,..,..,..,..,..,..,..,..,..,..,..,..,..,..,..,..,..,..,..,..,..,..,..,..,..,..,..,..,..,..,..,..,..,..,..,..,..,..,..,..,..,..,..,..,..,..,..,..,..,..,..,..,..
Ratio of female to male secondary enrollment (%),SE.ENR.SECO.FM.ZS,Fiji,FJI,..,..,..,..,..,..,..,..,..,..,0.86029,..,0.93958,0.94788,0.97712,0.99833,1.02789,1.02268,1.04469,..,1.06194,1.06381,..,1.06267,1.02767,1.02881,1.02858,1.03298,..,..,..,0.96566,1.01005,..,..,..,..,..,1.07105,1.10945999622345,1.09230005741119,1.07194995880127,1.07922995090485,1.07173001766205,1.0665500164032,..,1.09485995769501,1.11326003074646,1.07008004188538,1.09434998035431,..,1.08201003074646,1.10817003250122,..,..,..
Ratio of female to male secondary enrollment (%),SE.ENR.SECO.FM.ZS,Finland,FIN,..,..,..,..,..,..,..,..,..,..,..,1.08343,1.08467,1.10956,1.10972,..,1.13452,1.11558,1.11251,1.1107,1.11959,1.11434,1.12103,1.12805,1.16664,1.17432,1.16786,1.16645,1.16818,1.15889,1.18053,1.19444,1.21218,1.18226,1.16776,1.15122,1.17308,1.13617,1.098,1.0900399684906,1.09305000305176,1.10392999649048,1.10924005508423,1.10335004329681,1.04762995243073,1.04537999629974,1.04220998287201,1.04522001743317,1.04834997653961,1.04910004138947,1.04686999320984,1.04495000839233,1.04707002639771,1.09421002864838,..,..
Ratio of female to male secondary enrollment (%),SE.ENR.SECO.FM.ZS,France,FRA,..,..,..,..,..,..,..,..,..,..,..,1.07936,1.07503,1.06763,1.00719,1.07364,..,1.08207,1.09077,1.09633,1.10873,1.20614,1.12171,1.11965,..,1.10003,1.09352,1.08324,1.07606,1.07234,1.06872,1.05491,1.0484,1.04013,0.99601,0.99007,0.99267,0.993,0.99547,0.99974000453949,1.00214004516602,1.00522005558014,1.00299000740051,1.00601005554199,1.00206995010376,1.0020500421524,1.00160002708435,1.00090003013611,1.00104999542236,1.00309002399445,1.00987005233765,1.00962996482849,1.00821995735168,1.01379001140594,..,..
Ratio of female to male secondary enrollment (%),SE.ENR.SECO.FM.ZS,French Polynesia,PYF,..,..,..,..,..,..,..,..,..,..,..,..,..,..,..,..,..,..,..,..,..,..,..,..,..,..,..,..,..,1.28979,1.36969,1.18725,1.20054,1.26612,..,..,..,..,..,..,..,..,..,..,..,..,..,..,..,..,..,..,..,..,..,..
Ratio of female to male secondary enrollment (%),SE.ENR.SECO.FM.ZS,Gabon,GAB,..,..,..,..,..,..,..,..,..,..,..,0.39472,0.41467,0.43488,0.45892,..,0.53249,0.57674,0.6011,0.60766,0.64484,0.66659,0.64917,0.6626,0.68525,0.71402,0.73422,0.72625,0.76904,0.87916,..,..,..,..,0.91089,0.83927,0.9053,0.88341,..,0.877439975738525,..,..,..,..,..,..,..,..,..,..,..,..,..,..,..,..
Ratio of female to male secondary enrollment (%),SE.ENR.SECO.FM.ZS,"Gambia, The",GMB,..,..,..,..,..,..,..,..,..,..,..,0.3016,..,0.30876,0.3226,0.35479,0.36976,0.40507,0.45163,0.40436,0.40286,0.41643,..,0.42853,0.42383,0.4141,0.40661,0.42361,0.4136,0.41,0.47436,0.49703,0.52615,0.5258,0.53598,0.53653,0.6079,..,..,..,..,..,..,..,..,..,..,..,0.926509976387024,0.954530000686646,0.948459982872009,..,..,..,..,..
Ratio of female to male secondary enrollment (%),SE.ENR.SECO.FM.ZS,Georgia,GEO,..,..,..,..,..,..,..,..,..,..,..,..,..,..,..,..,..,..,..,..,..,0.76026,..,..,..,..,0.8274,..,..,..,..,0.97498,0.94881,0.93469,0.93947,0.91293,0.9658,0.96597,..,0.980099976062775,0.984260022640228,0.994620025157928,0.983470022678375,0.97749000787735,0.990719974040985,0.968710005283356,0.995010018348694,..,0.948319971561432,..,..,..,..,1.00578999519348,..,..
Ratio of female to male secondary enrollment (%),SE.ENR.SECO.FM.ZS,Germany,DEU,..,..,..,..,..,..,..,..,..,..,..,..,..,..,..,..,..,..,..,..,..,..,..,..,..,..,..,..,..,..,..,..,0.9765,0.96427,0.96918,0.96986,0.97217,0.97573,0.975,0.978890001773834,0.984179973602295,0.985769987106323,0.983749985694885,0.979990005493164,0.980430006980896,0.979740023612976,0.976949989795685,0.9791100025177,0.976549983024597,0.951319992542267,0.952679991722107,0.951539993286133,0.947790026664734,0.949320018291473,..,..
Ratio of female to male secondary enrollment (%),SE.ENR.SECO.FM.ZS,Ghana,GHA,..,..,..,..,..,..,..,..,..,..,..,0.64349,..,0.67544,0.66317,0.66478,0.65295,0.64536,0.65549,0.64794,0.66093,0.64187,0.65006,0.62829,0.623,0.62846,..,0.69879,0.66733,0.66657,0.66363,..,..,..,..,0.72206,..,..,..,0.805670022964478,0.818710029125214,0.842379987239838,0.845860004425049,0.848999977111816,0.829970002174377,0.830410003662109,0.844780027866364,0.872709989547729,0.881449997425079,0.887070000171661,..,0.898999989032745,0.895240008831024,0.9098100066185,0.937849998474121,..
Ratio of female to male secondary enrollment (%),SE.ENR.SECO.FM.ZS,Greece,GRC,..,..,..,..,..,..,..,..,..,..,..,0.78618,0.79065,0.78797,0.78298,0.78169,0.79131,0.80308,0.83002,0.8532,0.86642,0.89757,0.92376,0.96886,0.97935,0.98109,0.97004,0.95646,0.95075,0.95747,0.97663,0.97999,0.98595,1.01473,0.96471,1.01665,1.02955,1.03961,1.04395,1.0445100069046,1.06418001651764,1.05172002315521,1.02493000030518,1.01629996299744,1.00136005878448,0.975870013237,0.972819983959198,0.947470009326935,..,..,0.955839991569519,0.973070025444031,0.973909974098206,..,..,..
Ratio of female to male secondary enrollment (%),SE.ENR.SECO.FM.ZS,Greenland,GRL,..,..,..,..,..,..,..,..,..,..,..,..,..,..,..,..,..,..,..,..,..,..,..,..,..,..,..,..,..,..,..,..,..,..,..,..,..,..,..,..,..,..,..,..,..,..,..,..,..,..,..,..,..,..,..,..
Ratio of female to male secondary enrollment (%),SE.ENR.SECO.FM.ZS,Grenada,GRD,..,..,..,..,..,..,..,..,..,..,..,0.80778,1.06958,..,..,..,..,1.19834,1.18676,1.18431,1.20038,1.41033,1.47076,1.35416,1.16968,1.17817,1.17871,1.15853,1.05618,1.16781,1.11325,1.15939,1.20452,1.17629,..,..,..,..,..,..,..,..,1.14815998077393,0.977159976959229,1.07656002044678,1.01949000358582,..,0.972620010375977,0.908789992332459,1.00100994110107,1.02959001064301,..,..,0.98063999414444,..,..
Ratio of female to male secondary enrollment (%),SE.ENR.SECO.FM.ZS,Guam,GUM,..,..,..,..,..,..,..,..,..,..,..,..,..,..,..,..,..,..,..,..,..,..,..,..,..,..,..,..,..,..,..,..,..,..,..,..,..,..,..,..,..,..,..,..,..,..,..,..,..,..,..,..,..,..,..,..
Ratio of female to male secondary enrollment (%),SE.ENR.SECO.FM.ZS,Guatemala,GTM,..,..,..,..,..,..,..,..,..,..,0.71936,0.84206,0.85328,0.84196,0.86622,0.87945,0.88195,0.90638,0.80536,0.81757,0.82935,0.85953,0.86289,0.88632,..,..,..,..,..,..,..,..,..,0.89131,..,..,0.88598,..,0.88929,0.83652001619339,0.883449971675873,0.889060020446777,0.883830010890961,..,0.897520005702972,0.905879974365234,0.91457998752594,0.921800017356873,0.933730006217957,0.934440016746521,0.921999990940094,0.914160013198853,0.91881000995636,0.918760001659393,..,..
Ratio of female to male secondary enrollment (%),SE.ENR.SECO.FM.ZS,Guinea,GIN,..,..,..,..,..,..,..,..,..,..,..,0.25601,..,..,..,..,..,..,..,..,0.36152,0.3873,0.38705,0.37418,0.38462,0.36461,0.35634,0.33433,..,0.32515,0.3225,0.31986,..,0.32767,0.32676,..,0.34393,..,..,0.352739989757538,..,0.390650004148483,0.408989995718002,0.451310008764267,0.449669986963272,0.497940003871918,0.523469984531403,..,0.57779997587204,..,..,0.631380021572113,..,..,..,..
Ratio of female to male secondary enrollment (%),SE.ENR.SECO.FM.ZS,Guinea-Bissau,GNB,..,..,..,..,..,..,..,..,..,..,..,0.57226,0.4933,..,..,..,0.44459,0.30974,0.22878,0.19743,0.20435,0.24634,0.21346,0.24809,0.23188,0.27074,..,0.33358,0.34406,0.46252,..,..,..,..,..,..,..,..,..,..,0.545340001583099,..,..,..,..,..,..,..,..,..,..,..,..,..,..,..
Ratio of female to male secondary enrollment (%),SE.ENR.SECO.FM.ZS,Guyana,GUY,..,..,..,..,..,..,..,..,..,..,..,1.0164,0.97516,0.96445,0.97864,..,1.0196,..,..,..,..,..,..,..,0.99554,0.99811,1.04528,1.02572,..,..,..,..,..,..,..,..,..,..,..,1.00654995441437,..,1.01242995262146,..,..,..,1.02533996105194,..,1.00398004055023,1.08252000808716,1.08456003665924,1.14306998252869,1.15444004535675,1.15374994277954,..,..,..
Ratio of female to male secondary enrollment (%),SE.ENR.SECO.FM.ZS,Haiti,HTI,..,..,..,..,..,..,..,..,..,..,..,..,..,..,..,..,..,..,..,..,..,..,..,..,..,..,..,..,..,..,..,..,..,..,..,..,..,..,..,..,..,..,..,..,..,..,..,..,..,..,..,..,..,..,..,..
Ratio of female to male secondary enrollment (%),SE.ENR.SECO.FM.ZS,Honduras,HND,..,..,..,..,..,..,..,..,..,..,0.89453,..,..,..,..,..,..,..,..,..,1.03202,..,1.14673,1.0934,1.17663,..,..,..,..,..,..,1.22899,..,..,..,..,..,..,..,..,..,..,..,..,..,..,1.2331600189209,1.24984002113342,1.26921999454498,..,1.22883999347687,1.22047996520996,1.21803998947144,1.21549999713898,..,..
Ratio of female to male secondary enrollment (%),SE.ENR.SECO.FM.ZS,"Hong Kong SAR, China",HKG,..,..,..,..,..,..,..,..,..,..,..,0.7863,0.80683,0.83869,0.87278,0.89353,0.92541,0.94065,0.97487,1.01824,1.03794,1.05837,1.06668,1.07946,1.07425,1.05965,1.0612,1.06224,1.05193,..,..,..,..,..,..,..,1.03049,..,..,..,..,0.984830021858215,0.97350001335144,0.98199999332428,0.989499986171722,0.996990025043488,0.99795001745224,0.994579970836639,0.992399990558624,0.993350028991699,0.990499973297119,0.992330014705658,0.992020010948181,0.970860004425049,..,..
Ratio of female to male secondary enrollment (%),SE.ENR.SECO.FM.ZS,Hungary,HUN,..,..,..,..,..,..,..,..,..,..,..,0.89108,0.90612,0.93691,0.9242,0.93342,0.94142,0.94913,0.95524,0.96401,0.96749,0.97565,0.99346,0.99385,0.99414,0.99741,1.00347,1.007,1.00898,1.0128,1.00639,1.00573,1.00618,..,1.03371,1.03635,1.03507,1.03148,1.0227,1.01538002490997,1.00780999660492,1.00717997550964,1.00650000572205,1.00048995018005,0.990130007266998,0.989809989929199,0.990540027618408,0.993139982223511,0.983590006828308,0.986970007419586,0.984300017356873,0.978980004787445,0.979579985141754,1.00189995765686,..,..
Ratio of female to male secondary enrollment (%),SE.ENR.SECO.FM.ZS,Iceland,ISL,..,..,..,..,..,..,..,..,..,..,..,0.8333,..,..,..,0.84975,0.85277,0.89046,..,..,0.98812,0.91295,..,0.92523,0.91789,..,0.92952,..,0.95632,0.95145,..,0.96518,0.97257,0.98485,0.98127,0.97189,0.97052,..,1.01392,1.05153000354767,1.06549000740051,1.05667996406555,1.05597996711731,1.06593000888824,1.03032004833221,1.02149999141693,1.02837002277374,1.05720996856689,1.03594994544983,1.03296005725861,1.01844000816345,1.00775003433228,0.988910019397736,..,..,..
Ratio of female to male secondary enrollment (%),SE.ENR.SECO.FM.ZS,India,IND,..,..,..,..,..,..,..,..,..,..,..,0.42722,0.43384,0.44284,..,0.46614,0.46953,0.47617,0.48309,..,0.49146,0.5056,0.50127,0.55762,0.51919,..,0.54122,0.54606,0.55845,0.57213,..,..,..,0.62505,0.64104,0.64026,0.6456,0.66575,..,0.700179994106293,0.707469999790192,0.713739991188049,0.740920007228851,0.802720010280609,0.805180013179779,0.821720004081726,0.833809971809387,0.859579980373383,0.883509993553162,0.918940007686615,0.925279974937439,0.939989984035492,0.947350025177002,..,..,..
Ratio of female to male secondary enrollment (%),SE.ENR.SECO.FM.ZS,Indonesia,IDN,..,..,..,..,..,..,..,..,..,..,0.53289,0.59098,0.57189,0.57767,0.59657,0.6376,0.64365,0.64813,0.66075,..,..,0.6878,0.6973,0.73836,0.73722,..,..,..,0.80283,0.81728,0.83292,0.82229,0.82672,0.80932,0.84587,0.85582,0.86304,..,..,0.95305997133255,0.967320024967194,0.981060028076172,0.986620008945465,0.986020028591156,0.991800010204315,0.990639984607697,1.0095499753952,1.00814998149872,0.994210004806519,0.995809972286224,1.00949001312256,1.00955998897552,1.0324399471283,0.977699995040894,..,..
Ratio of female to male secondary enrollment (%),SE.ENR.SECO.FM.ZS,"Iran, Islamic Rep.",IRN,..,..,..,..,..,..,..,..,..,..,..,0.53052,0.55514,0.5678,0.57423,0.5851,0.59046,0.60017,..,..,..,..,..,..,..,0.70838,..,..,0.69106,..,0.71638,0.74842,0.7566,0.78058,0.80305,0.83676,..,0.90317,..,0.927119970321655,0.937919974327087,0.942179977893829,0.94378000497818,0.938849985599518,0.959959983825684,0.963259994983673,0.969720005989075,1.0061399936676,0.969799995422363,0.956110000610352,0.949039995670319,0.943679988384247,0.937390029430389,..,..,..
Ratio of female to male secondary enrollment (%),SE.ENR.SECO.FM.ZS,Iraq,IRQ,..,..,..,..,..,..,..,..,..,..,..,0.42443,0.42738,0.42797,0.43465,0.42276,0.4299,0.45624,0.45613,0.45671,0.46597,0.50256,0.51709,0.55286,0.55625,0.57365,0.56936,0.59609,0.62157,0.63607,..,..,..,0.64207,..,..,0.63895,..,..,0.635959982872009,0.620800018310547,0.610930025577545,..,0.718540012836456,0.673650026321411,..,..,0.74796998500824,..,..,..,..,..,..,..,..
Ratio of female to male secondary enrollment (%),SE.ENR.SECO.FM.ZS,Ireland,IRL,..,..,..,..,..,..,..,..,..,..,..,1.08231,1.06531,1.0918,1.08762,1.09829,1.09599,1.10191,1.11119,1.11857,1.1308,1.12306,1.12187,1.11316,1.11118,1.1051,1.10444,1.10007,1.09562,1.09506,1.09714,1.09404,1.08847,1.04049,1.04677,1.05764,1.07412,1.08428,1.06023,1.06237995624542,1.08203995227814,1.08882999420166,1.09033000469208,1.08562004566193,1.07887005805969,1.09512996673584,1.08164000511169,1.06853997707367,1.05786001682281,1.05103003978729,1.04407000541687,1.02986001968384,1.02121996879578,..,..,..
Ratio of female to male secondary enrollment (%),SE.ENR.SECO.FM.ZS,Isle of Man,IMY,..,..,..,..,..,..,..,..,..,..,..,..,..,..,..,..,..,..,..,..,..,..,..,..,..,..,..,..,..,..,..,..,..,..,..,..,..,..,..,..,..,..,..,..,..,..,..,..,..,..,..,..,..,..,..,..
Ratio of female to male secondary enrollment (%),SE.ENR.SECO.FM.ZS,Israel,ISR,..,..,..,..,..,..,..,..,..,..,..,..,..,1.05695,1.08527,1.09744,1.10181,1.09067,1.07745,1.08697,1.1009,..,..,1.07893,1.08145,1.07287,1.074,1.07117,1.06834,1.07162,1.06226,1.05095,1.04337,1.05137,1.04042,..,..,..,..,0.992640018463135,1.00069999694824,0.994109988212585,0.986180007457733,0.977710008621216,0.996309995651245,0.994120001792908,0.99592000246048,1.0033700466156,1.01665997505188,1.02143001556396,1.02406001091003,1.02034997940063,1.02214002609253,1.02419996261597,..,..
Ratio of female to male secondary enrollment (%),SE.ENR.SECO.FM.ZS,Italy,ITA,..,..,..,..,..,..,..,..,..,..,..,0.8359,0.84542,0.85708,0.87075,0.88464,0.89398,0.90486,0.92198,0.93665,0.95142,0.96327,0.97461,0.97944,0.98256,0.98566,0.98757,0.98921,0.9896,0.99064,1.00352,0.99537,0.99554,0.99424,0.99337,0.99236,0.99602,0.99581,0.99248,0.991959989070892,0.960870027542114,0.976899981498718,0.965539991855621,0.974489986896515,0.994279980659485,0.993160009384155,0.991559982299805,0.989970028400421,0.990390002727509,0.992780029773712,0.990459978580475,0.986639976501465,0.985599994659424,..,..,..
Ratio of female to male secondary enrollment (%),SE.ENR.SECO.FM.ZS,Jamaica,JAM,..,..,..,..,..,..,..,..,..,..,..,..,..,1.10304,1.10096,1.17348,1.16363,1.10438,..,1.10091,1.12413,1.13497,..,1.09808,1.08521,1.08351,1.11992,1.06286,1.06648,1.09583,..,1.06179,..,1.0481,..,..,..,..,..,1.00821995735168,1.02102994918823,1.0204199552536,1.02134001255035,1.01809000968933,1.01942002773285,1.03576004505157,..,1.05175995826721,1.05190002918243,1.01438999176025,1.0618200302124,1.05645000934601,..,1.03831005096436,..,..
Ratio of female to male secondary enrollment (%),SE.ENR.SECO.FM.ZS,Japan,JPN,..,..,..,..,..,..,..,..,..,..,..,0.99272,1.00431,1.00683,1.00924,1.01192,1.01436,1.01351,1.01482,1.01649,1.01914,1.02341,1.02461,1.02602,1.02611,1.02059,1.02119,1.01962,1.02015,1.02167,1.02393,1.01582,1.01551,1.02084,1.01541,1.01494,..,..,1.01351,1.01253998279572,1.01140999794006,1.00999999046326,1.0081399679184,1.00547003746033,1.00350999832153,1.00207996368408,1.00206005573273,1.00195002555847,1.00127005577087,1.00252997875214,1.00173997879028,1.00294005870819,1.00379002094269,..,..,..
Ratio of female to male secondary enrollment (%),SE.ENR.SECO.FM.ZS,Jordan,JOR,..,..,..,..,..,..,..,..,..,..,..,0.58708,0.63767,0.65685,0.68757,0.72345,0.74727,0.78028,0.81035,0.85965,0.90905,0.92912,0.98027,1.00163,1.02668,1.04456,1.08017,1.06844,1.07551,1.05016,1.031,1.02738,1.07302,1.0827,1.07277,..,1.04246,..,..,1.04934000968933,1.04993999004364,..,1.03991997241974,1.0348299741745,1.02293002605438,1.02323997020721,1.02995002269745,1.0265200138092,1.02603995800018,..,1.03609001636505,1.03506004810333,1.02776002883911,..,..,..
Ratio of female to male secondary enrollment (%),SE.ENR.SECO.FM.ZS,Kazakhstan,KAZ,..,..,..,..,..,..,..,..,..,..,..,..,..,..,..,..,..,..,..,..,..,..,..,..,..,..,..,..,..,..,..,..,..,1.02268,..,..,..,1.11411,1.05169,1.00207996368408,1.04834997653961,..,..,..,..,..,1.00350999832153,..,..,..,..,..,1.00708997249603,1.01217997074127,..,..
Ratio of female to male secondary enrollment (%),SE.ENR.SECO.FM.ZS,Kenya,KEN,..,..,..,..,..,..,..,..,..,..,0.4531,0.4731,0.50607,0.52906,0.55137,0.58567,..,..,..,..,0.70179,0.71797,0.71144,0.71719,0.74928,0.74954,0.78389,0.79108,0.79897,..,..,..,..,..,..,..,..,..,..,0.955550014972687,0.950810015201569,0.938520014286041,0.955470025539398,1.02401995658875,0.933380007743835,0.954119980335236,0.933690011501312,0.874220013618469,0.915579974651337,0.903310000896454,..,..,0.928680002689362,..,..,..
Ratio of female to male secondary enrollment (%),SE.ENR.SECO.FM.ZS,Kiribati,KIR,..,..,..,..,..,..,..,..,..,..,0.62459,0.60779,0.60169,0.62896,0.69173,0.5954,..,0.68854,0.85049,0.89955,0.84204,0.94231,0.97505,0.97468,0.91636,1.01045,0.98598,0.97256,0.98199,0.84302,0.9604,1.08443,1.08242,..,..,1.23362,1.20213,..,1.09629,1.23475003242493,1.27304995059967,1.18628001213074,1.15983998775482,1.18295001983643,1.18397998809814,1.13938999176025,1.1849399805069,1.17613995075226,1.10711002349854,..,..,..,..,..,..,..
Ratio of female to male secondary enrollment (%),SE.ENR.SECO.FM.ZS,"Korea, Dem. Rep.",PRK,..,..,..,..,..,..,..,..,..,..,..,..,..,..,..,..,..,..,..,..,..,..,..,..,..,..,..,..,..,..,..,..,..,..,..,..,..,..,..,..,..,..,..,..,..,..,..,..,..,..,..,..,..,..,..,..
Ratio of female to male secondary enrollment (%),SE.ENR.SECO.FM.ZS,"Korea, Rep.",KOR,..,..,..,..,..,..,..,..,..,..,..,0.64458,0.67285,0.68949,0.70495,0.71985,0.73633,0.7536,0.77497,0.80218,0.85502,0.89074,0.89832,0.90492,0.92739,0.94416,0.95616,0.97925,0.94751,0.94966,0.95413,0.96842,0.97709,0.98733,0.98139,1.00223,1.00988,1.01005,1.00245,0.99576997756958,0.996749997138977,1.00349998474121,1.00109994411469,0.999350011348724,0.994910001754761,0.993680000305176,0.991349995136261,0.990069985389709,0.991119980812073,0.990119993686676,0.989189982414246,0.985530018806458,..,0.986739993095398,0.989099979400635,..
Ratio of female to male secondary enrollment (%),SE.ENR.SECO.FM.ZS,Kosovo,KSV,..,..,..,..,..,..,..,..,..,..,..,..,..,..,..,..,..,..,..,..,..,..,..,..,..,..,..,..,..,..,..,..,..,..,..,..,..,..,..,..,..,..,..,..,..,..,..,..,..,..,..,..,..,..,..,..
Ratio of female to male secondary enrollment (%),SE.ENR.SECO.FM.ZS,Kuwait,KWT,..,..,..,..,..,..,..,..,..,..,..,0.81471,0.82651,0.83597,0.84785,0.85807,0.87637,0.87988,0.89089,0.90241,0.90667,0.89721,0.89741,0.90893,0.92591,0.93852,0.93548,0.90707,0.8903,0.88413,0.90514,..,0.96802,0.9713,0.99855,1.02084,1.01096,1.03815,1.03769,1.00494003295898,0.996429979801178,1.00039994716644,..,0.995739996433258,1.00871002674103,1.0358099937439,1.0034099817276,1.00742995738983,..,..,..,..,..,..,..,..
Ratio of female to male secondary enrollment (%),SE.ENR.SECO.FM.ZS,Kyrgyz Republic,KGZ,..,..,..,..,..,..,..,..,..,..,..,..,..,..,..,..,..,..,..,..,..,0.96792,..,..,..,..,0.96818,..,..,0.95213,0.99464,1.02465,1.02586,..,..,..,..,..,..,1.02183997631073,1.02875995635986,1.00063002109528,1.00223004817963,1.00680005550385,1.00466001033783,1.00003004074097,1.0003000497818,0.999890029430389,0.998080015182495,0.999599993228912,0.987800002098084,0.995540022850037,..,1.00034999847412,..,..
Ratio of female to male secondary enrollment (%),SE.ENR.SECO.FM.ZS,Lao PDR,LAO,..,..,..,..,..,..,..,..,..,..,..,0.36553,0.40663,0.48663,..,..,..,0.49506,0.53338,0.56879,0.63192,0.64309,..,..,..,..,0.71207,..,0.71197,..,0.68589,..,0.65839,0.63266,0.64827,0.66202,0.66636,0.66867,0.68961,0.694410026073456,0.701560020446777,0.713840007781982,0.725560009479523,0.737959980964661,0.748650014400482,0.756259977817535,0.77538001537323,0.785309970378876,0.802510023117065,0.817340016365051,0.832159996032715,0.850870013237,0.872500002384186,0.890980005264282,..,..
Ratio of female to male secondary enrollment (%),SE.ENR.SECO.FM.ZS,Latvia,LVA,..,..,..,..,..,..,..,..,..,..,..,..,..,..,..,..,..,..,..,..,..,..,..,..,..,..,..,..,..,..,..,1.0158,1.04048,1.03035,1.07574,1.07581,1.07918,1.07593,1.04402,1.0373500585556,1.02755999565125,1.01558005809784,1.00574004650116,0.996230006217957,0.995639979839325,1.00278997421265,1.00643002986908,1.02664005756378,1.02448999881744,1.01231002807617,0.982850015163422,0.966489970684052,0.967019975185394,0.959839999675751,..,..
Ratio of female to male secondary enrollment (%),SE.ENR.SECO.FM.ZS,Lebanon,LBN,..,..,..,..,..,..,..,..,..,..,..,0.6836,..,0.77753,..,..,..,..,..,..,..,..,1.00736,..,..,0.94414,..,..,..,..,..,..,1.10494,..,1.10442,1.15575,1.13534,1.13567,1.13149,1.12883996963501,1.11998999118805,1.13672995567322,1.08297002315521,1.03993999958038,1.02117002010345,1.00809001922607,0.995940029621124,1.01789999008179,1.01153004169464,1.00959002971649,1.01861000061035,1.00787997245789,1.00811994075775,1.00566005706787,..,..
Ratio of female to male secondary enrollment (%),SE.ENR.SECO.FM.ZS,Lesotho,LSO,..,..,..,..,..,..,..,..,..,..,1.36841,1.19719,1.2191,1.11319,..,1.25005,1.31029,1.36788,1.38437,1.51206,1.52626,1.53806,1.49887,1.55333,1.50154,1.47672,1.52958,1.58595,1.59992,1.55238,1.56674,1.53664,1.57693,1.57762,1.60186,..,1.52983,1.49931,1.55548,1.40568995475769,1.36512005329132,1.31454002857208,1.32001996040344,1.31264996528625,1.29949998855591,1.30280005931854,1.30562996864319,1.35332000255585,1.37829005718231,1.41482996940613,1.42242002487183,1.4115799665451,1.3986200094223,..,..,..
Ratio of female to male secondary enrollment (%),SE.ENR.SECO.FM.ZS,Liberia,LBR,..,..,..,..,..,..,..,..,..,..,0.28835,0.28383,0.28554,..,..,0.32388,0.31156,..,0.39007,0.37602,0.3859,..,..,..,..,..,..,..,..,..,..,..,..,..,..,..,..,..,..,0.648440003395081,0.726589977741241,..,..,..,..,..,..,..,..,..,..,0.820479989051819,..,..,0.779640018939972,..
Ratio of female to male secondary enrollment (%),SE.ENR.SECO.FM.ZS,Libya,LBY,..,..,..,..,..,..,..,..,..,..,..,0.22399,0.25984,0.31701,0.38885,0.45072,0.51795,0.58031,0.64433,0.68548,0.70866,0.69435,..,0.7401,..,..,0.86384,..,..,..,..,..,..,..,..,..,..,..,..,..,..,..,1.06525003910065,1.06483995914459,..,1.19174003601074,1.17648994922638,..,..,..,..,..,..,..,..,..
Ratio of female to male secondary enrollment (%),SE.ENR.SECO.FM.ZS,Liechtenstein,LIE,..,..,..,..,..,..,..,..,..,..,..,..,..,..,..,..,..,..,..,..,..,..,..,..,..,..,..,..,..,..,..,..,..,..,..,..,..,..,..,..,..,..,..,0.861779987812042,0.886250019073486,..,0.87379002571106,0.882589995861053,0.874189972877502,0.861949980258942,0.850080013275146,0.827579975128174,0.849210023880005,..,..,..
Ratio of female to male secondary enrollment (%),SE.ENR.SECO.FM.ZS,Lithuania,LTU,..,..,..,..,..,..,..,..,..,..,..,..,..,..,..,..,..,..,..,..,..,..,..,..,..,..,..,..,..,..,..,..,..,0.97538,..,1.04857,1.03551,1.02906,1.00876,1.0048999786377,0.993359982967377,0.990750014781952,0.981649994850159,0.977580010890961,0.988560020923615,0.989130020141602,0.993780016899109,0.994509994983673,0.997399985790253,0.996479988098145,0.978789985179901,0.970470011234283,0.955869972705841,0.948939979076386,..,..
Ratio of female to male secondary enrollment (%),SE.ENR.SECO.FM.ZS,Luxembourg,LUX,..,..,..,..,..,..,..,..,..,..,..,0.93497,0.93953,0.94759,0.98315,0.99294,0.98027,0.98999,0.96901,0.98787,1.01617,0.77638,0.94744,0.92363,0.92042,..,0.98401,0.99068,1.0176,..,..,..,1.02561,1.0501,1.03933,1.0094,1.03868,1.06487,1.0504,1.04418003559113,1.05853998661041,1.06625998020172,1.06396996974945,1.05371999740601,1.04930996894836,1.05381000041962,1.03745996952057,1.03308999538422,1.02661001682281,..,1.03119003772736,1.03114998340607,1.03382003307343,..,..,..
Ratio of female to male secondary enrollment (%),SE.ENR.SECO.FM.ZS,"Macao SAR, China",MAC,..,..,..,..,..,..,..,..,..,..,..,0.91,1.17389,1.57316,1.35797,..,..,..,..,..,..,..,..,..,..,..,..,..,..,..,1.08891,..,1.09777,1.11277,..,..,..,..,..,1.0511200428009,1.03471004962921,1.05401003360748,1.05469000339508,1.05938994884491,1.03498005867004,1.0278400182724,1.02336001396179,1.0045200586319,1.00056004524231,1.0072900056839,0.990299999713898,0.982969999313354,0.988550007343292,0.984160006046295,..,..
Ratio of female to male secondary enrollment (%),SE.ENR.SECO.FM.ZS,"Macedonia, FYR",MKD,..,..,..,..,..,..,..,..,..,..,..,..,..,..,..,..,..,..,..,..,..,..,..,..,..,..,..,..,..,..,..,..,..,0.97777,0.97787,0.97634,0.97428,0.97831,0.97345,0.973209977149963,0.965489983558655,0.965969979763031,0.971029996871948,0.975809991359711,0.974560022354126,0.974849998950958,..,0.968169987201691,0.958159983158112,0.966629981994629,0.979920029640198,..,0.990660011768341,..,..,..
Ratio of female to male secondary enrollment (%),SE.ENR.SECO.FM.ZS,Madagascar,MDG,..,..,..,..,..,..,..,..,..,..,..,0.65508,0.68648,..,0.70746,..,..,..,..,..,..,..,..,..,..,..,..,..,0.83911,0.9276,0.94408,..,..,..,..,..,..,..,..,..,..,..,..,..,..,0.957639992237091,0.94880998134613,0.95073002576828,0.942470014095306,0.939109981060028,..,0.949720025062561,0.953760027885437,0.962149977684021,..,..
Ratio of female to male secondary enrollment (%),SE.ENR.SECO.FM.ZS,Malawi,MWI,..,..,..,..,..,..,..,..,..,..,..,..,0.46636,0.3772,..,0.37278,0.37164,0.37377,0.36888,0.39009,0.41663,0.39403,0.41273,0.43295,0.44521,0.47241,0.49613,0.51774,0.55128,0.56065,0.58098,0.60919,..,0.60331,0.65613,0.6785,0.67724,..,..,0.703299999237061,0.751250028610229,0.776319980621338,0.777339994907379,..,0.810570001602173,0.816349983215332,0.843180000782013,0.835380017757416,0.849020004272461,0.876349985599518,0.908980011940002,0.914529979228973,0.898970007896423,0.9098100066185,..,..
Ratio of female to male secondary enrollment (%),SE.ENR.SECO.FM.ZS,Malaysia,MYS,..,..,..,..,..,..,..,..,..,..,0.68721,0.67686,0.70286,..,0.76863,..,..,..,..,0.90492,0.93338,0.95497,0.97519,0.98122,0.9968,1.00583,0.99474,1.01696,1.02895,1.03762,1.06849,1.05252,1.06536,1.07172,1.08291,1.09142,..,1.07451,1.09579,1.0856499671936,1.08958995342255,1.07837998867035,1.07651996612549,1.09464001655579,1.0784900188446,1.04193997383118,1.01551997661591,0.9964200258255,0.989300012588501,0.979340016841888,0.970960021018982,0.971459984779358,0.935500025749207,..,..,..
Ratio of female to male secondary enrollment (%),SE.ENR.SECO.FM.ZS,Maldives,MDV,..,..,..,..,..,..,..,..,..,..,0.59909,0.74573,..,..,..,..,..,..,..,..,..,..,..,..,..,..,..,..,..,..,..,..,..,..,1.03521,1.05795,1.04121,1.06546,1.05466,1.07548999786377,1.08037996292114,1.06953001022339,1.14359998703003,1.10450005531311,1.12750995159149,..,..,..,..,..,..,..,..,..,..,..
Ratio of female to male secondary enrollment (%),SE.ENR.SECO.FM.ZS,Mali,MLI,..,..,..,..,..,..,..,..,..,..,..,0.28791,0.33043,0.31971,0.34054,..,0.35765,..,0.38298,0.39255,0.39636,0.41504,0.39815,0.39158,0.40773,..,..,0.4371,0.41822,0.4968,0.50333,0.51926,0.4618,0.51033,0.50026,0.50011,0.52561,0.50404,0.51827,0.541920006275177,0.567170023918152,..,..,0.55418998003006,0.605289995670319,0.627359986305237,0.627260029315948,0.671599984169006,0.659630000591278,0.670639991760254,0.703360021114349,0.715020000934601,..,0.799690008163452,..,..
Ratio of female to male secondary enrollment (%),SE.ENR.SECO.FM.ZS,Malta,MLT,..,..,..,..,..,..,..,..,..,..,..,0.96947,0.85699,0.90779,0.87032,0.88154,0.89472,0.869,0.86304,0.83793,0.87314,0.8513,0.85842,0.88163,0.88057,0.96848,0.97465,0.97216,0.96518,0.93388,0.9267,0.92191,0.91215,0.91203,0.89201,0.93018,1.00877,0.97508,0.97667,0.930459976196289,0.976429998874664,0.951059997081757,0.981450021266937,0.99194997549057,0.940180003643036,0.957830011844635,0.978489995002747,0.954379975795746,0.966589987277985,..,0.905350029468536,1.02759003639221,1.04203999042511,..,..,..
Ratio of female to male secondary enrollment (%),SE.ENR.SECO.FM.ZS,Marshall Islands,MHL,..,..,..,..,..,..,..,..,..,..,..,..,..,..,..,..,..,..,..,..,..,..,..,..,..,..,..,..,..,..,..,..,..,..,..,..,..,..,..,1.06340003013611,..,..,1.03727996349335,1.07693004608154,1.04315996170044,1.00156998634338,1.00560998916626,0.996580004692078,1.06175005435944,1.02913999557495,..,..,..,..,..,..
Ratio of female to male secondary enrollment (%),SE.ENR.SECO.FM.ZS,Mauritania,MRT,..,..,..,..,..,..,..,..,..,..,..,..,..,..,..,..,..,..,..,..,..,0.26723,..,..,..,..,..,0.41558,0.43169,0.44122,0.45524,0.48046,0.52,0.51512,0.56452,0.57915,0.52083,0.5442,0.72343,0.720920026302338,0.737680017948151,0.774959981441498,0.783460021018982,0.826200008392334,0.855859994888306,0.876429975032806,0.843930006027222,..,0.882000029087067,0.838349997997284,0.852970004081726,0.846689999103546,0.8473100066185,0.938629984855652,..,..
Ratio of female to male secondary enrollment (%),SE.ENR.SECO.FM.ZS,Mauritius,MUS,..,..,..,..,..,..,..,..,..,..,..,0.74716,0.74098,0.77923,0.81647,0.83695,0.8556,0.88474,0.9217,0.92163,0.96385,0.93339,0.91791,0.90464,0.8789,0.9059,0.90991,0.92476,0.97966,0.98424,1.00246,..,..,..,..,..,1.04321,..,1.01266,0.984070003032684,0.967350006103516,0.974229991436005,0.997600018978119,0.988759994506836,0.978900015354156,0.972940027713776,1.02597999572754,1.02462995052338,1.02913999557495,1.03644001483917,1.03889000415802,1.04008996486664,1.04183995723724,..,..,..
Ratio of female to male secondary enrollment (%),SE.ENR.SECO.FM.ZS,Mexico,MEX,..,..,..,..,..,..,..,..,..,..,..,0.63341,0.70254,..,0.69449,0.6872,0.65814,0.79191,0.83419,0.8113,0.81862,0.88712,0.89774,0.89516,0.91253,0.89445,0.9397,0.95438,0.96602,0.98331,0.99057,0.99751,0.96844,0.99269,1.008,1.0154,1.00817,0.99259,0.99231,0.999010026454926,1.00419998168945,1.01058995723724,1.01786005496979,1.03483998775482,1.02051997184753,1.02082002162933,1.02952003479004,1.03979003429413,1.05388998985291,1.06796002388,1.07195997238159,1.0769100189209,1.07991003990173,1.0762699842453,..,..
Ratio of female to male secondary enrollment (%),SE.ENR.SECO.FM.ZS,"Micronesia, Fed. Sts.",FSM,..,..,..,..,..,..,..,..,..,..,..,..,0.77471,0.83806,0.86729,..,0.94436,0.93865,..,..,..,..,..,..,..,..,..,..,..,..,..,..,..,..,..,..,..,..,..,..,..,..,..,..,1.06207001209259,1.08248996734619,..,..,..,..,..,..,..,..,..,..
Ratio of female to male secondary enrollment (%),SE.ENR.SECO.FM.ZS,Moldova,MDA,..,..,..,..,..,..,..,..,..,..,..,..,..,..,..,..,..,..,..,..,..,..,..,..,..,..,..,..,..,..,1.0909,1.0891,1.09503,1.10988,1.0998,1.04208,1.03296,1.02999,..,0.980490028858185,1.02245998382568,1.02434003353119,1.02947998046875,1.03598999977112,1.04799997806549,1.04314994812012,1.04463005065918,1.03181004524231,1.02972996234894,1.02452003955841,1.02357995510101,1.02137994766235,1.01713001728058,1.01294004917145,..,..
Ratio of female to male secondary enrollment (%),SE.ENR.SECO.FM.ZS,Monaco,MCO,..,..,..,..,..,..,..,..,..,..,..,..,..,..,..,..,..,..,..,..,..,..,..,..,..,..,..,..,..,..,..,..,..,..,..,..,..,..,..,..,..,..,..,..,..,..,..,..,..,..,..,..,..,..,..,..
Ratio of female to male secondary enrollment (%),SE.ENR.SECO.FM.ZS,Mongolia,MNG,..,..,..,..,..,..,..,..,..,..,..,..,..,..,1.03359,1.04444,1.05108,..,..,1.07965,1.06054,..,..,1.09658,..,..,..,..,..,..,..,1.1014,..,1.24026,1.29789,1.33225,1.31858,1.35566,1.33667,1.27406001091003,1.24024999141693,1.21829998493195,1.18956995010376,1.14582002162933,1.11682999134064,1.10977005958557,1.10020995140076,..,..,1.07518994808197,1.07282996177673,..,..,..,..,..
Ratio of female to male secondary enrollment (%),SE.ENR.SECO.FM.ZS,Montenegro,MNE,..,..,..,..,..,..,..,..,..,..,..,..,..,..,..,..,..,..,..,..,..,..,..,..,..,..,..,..,..,..,..,..,..,..,..,..,..,..,..,..,..,..,..,1.01310002803802,1.0183299779892,1.03059005737305,1.0271600484848,1.01688003540039,1.15146994590759,1.014240026474,1.01328003406525,1.0006799697876,1.00651001930237,..,..,..
Ratio of female to male secondary enrollment (%),SE.ENR.SECO.FM.ZS,Morocco,MAR,..,..,..,..,..,..,..,..,..,..,..,0.40303,0.42548,..,0.48755,0.49621,0.5416,0.56125,0.58943,0.61213,0.6252,0.63204,0.65223,0.67294,0.68344,0.68024,0.66774,0.67067,0.66269,0.66272,0.71595,0.7283,0.71976,0.72944,0.73261,0.74439,0.74709,0.75642,0.77306,0.788389980792999,0.799290001392365,0.806110024452209,0.811519980430603,0.826719999313354,0.837559998035431,0.853060007095337,0.86641001701355,0.871500015258789,0.867169976234436,0.865409970283508,0.87007999420166,0.862559974193573,0.856490015983582,..,..,..
Ratio of female to male secondary enrollment (%),SE.ENR.SECO.FM.ZS,Mozambique,MOZ,..,..,..,..,..,..,..,..,..,..,..,..,..,0.65888,..,..,..,0.46402,0.4011,0.38176,0.37191,0.37304,0.3934,0.43184,..,0.44964,0.48271,0.48578,..,..,0.56559,0.55576,0.59063,0.60238,0.59009,0.61369,..,..,..,0.629410028457642,0.62652999162674,0.634320020675659,0.65353000164032,..,0.693310022354126,0.686819970607758,0.714010000228882,0.726790010929108,0.746890008449554,0.785989999771118,0.816250026226044,0.864359974861145,0.889360010623932,0.911920011043549,..,..
Ratio of female to male secondary enrollment (%),SE.ENR.SECO.FM.ZS,Myanmar,MMR,..,..,..,..,..,..,..,..,..,..,..,0.61016,0.61696,..,..,..,0.76446,0.76583,0.78699,..,..,..,..,..,..,..,0.86197,0.87049,0.88675,0.90365,0.92458,0.95828,0.98197,0.98722,0.98509,..,..,..,..,0.981880009174347,1.04893004894257,0.93860000371933,0.926680028438568,0.929009974002838,0.922710001468658,0.967249989509583,0.97597998380661,0.999180018901825,..,1.01648998260498,1.05028998851776,..,..,..,..,..
Ratio of female to male secondary enrollment (%),SE.ENR.SECO.FM.ZS,Namibia,NAM,..,..,..,..,..,..,..,..,..,..,..,..,..,..,..,..,..,..,..,..,..,..,..,..,..,..,..,..,..,..,1.25614,1.23134,1.23364,1.21987,1.20449,1.1756,1.16735,1.1477,1.14833,1.11303997039795,1.1172000169754,1.12619996070862,1.10687005519867,1.11333000659943,1.11831998825073,1.12478005886078,1.14910995960236,1.15737998485565,..,..,..,..,..,..,..,..
Ratio of female to male secondary enrollment (%),SE.ENR.SECO.FM.ZS,Nepal,NPL,..,..,..,..,..,..,..,..,..,..,..,..,0.21184,0.17134,0.17591,0.17745,0.22404,0.23096,0.22992,0.25144,0.26381,0.25768,0.2727,0.29405,0.31493,0.31175,0.33749,0.35485,0.38268,0.40053,0.42563,0.45283,0.49549,0.52706,0.56477,0.60169,0.63368,..,..,0.662129998207092,0.668869972229004,0.67425000667572,0.688250005245209,0.721149981021881,..,0.816330015659332,0.845960021018982,0.868059992790222,0.883719980716705,0.881770014762878,0.971769988536835,1.00656998157501,1.04065001010895,1.05236005783081,1.06307995319366,..
Ratio of female to male secondary enrollment (%),SE.ENR.SECO.FM.ZS,Netherlands,NLD,..,..,..,..,..,..,..,..,..,..,..,0.85083,0.86939,0.88472,0.89435,0.90142,0.9188,0.92171,0.93187,0.94239,0.94772,0.95563,0.96209,0.96604,0.96534,0.97497,0.95794,0.95359,0.93508,0.93481,0.92476,0.92449,0.93238,0.95364,0.93466,0.94988,0.94664,0.95981,0.96506,0.958400011062622,0.963010013103485,0.9723100066185,0.972880005836487,0.984399974346161,0.983169972896576,0.980239987373352,0.982159972190857,0.979470014572144,0.980710029602051,0.982879996299744,0.986370027065277,0.987940013408661,0.982580006122589,0.988340020179749,..,..
Ratio of female to male secondary enrollment (%),SE.ENR.SECO.FM.ZS,New Caledonia,NCL,..,..,..,..,..,..,..,..,..,..,..,..,..,..,..,..,..,..,..,..,..,..,..,..,..,..,..,..,..,..,..,..,..,..,..,..,..,..,..,..,..,..,..,..,..,..,..,..,..,..,..,..,..,..,..,..
Ratio of female to male secondary enrollment (%),SE.ENR.SECO.FM.ZS,New Zealand,NZL,..,..,..,..,..,..,..,..,..,..,0.98255,0.98215,0.98678,0.99657,1.00317,1.00835,1.0112,1.01379,..,1.02451,1.02277,1.0265,1.03715,1.02914,1.02383,1.02837,1.01626,1.01458,1.01026,1.01111,1.00819,1.00792,0.9959,1.00346,1.02631,0.98494,1.05189,1.04864,1.05958,1.0519700050354,1.05857002735138,..,1.10861003398895,1.09842002391815,1.05560994148254,1.055340051651,1.04375004768372,1.02439999580383,1.04693996906281,1.0286899805069,1.04588997364044,1.04872000217438,1.04760003089905,1.05262994766235,..,..
Ratio of female to male secondary enrollment (%),SE.ENR.SECO.FM.ZS,Nicaragua,NIC,..,..,..,..,..,..,..,..,..,..,0.9171,0.88868,0.91463,0.94625,1.0152,1.0407,..,0.94631,..,1.15828,1.15948,..,1.18652,1.22229,1.40831,2.0814,1.82574,1.73851,1.74606,1.63209,..,..,..,..,..,..,..,..,1.17837,1.18678998947144,1.17366003990173,1.17550003528595,1.16484999656677,..,1.13350999355316,1.1350599527359,1.13486003875732,1.12900996208191,1.13250994682312,..,1.09915995597839,..,..,..,..,..
Ratio of female to male secondary enrollment (%),SE.ENR.SECO.FM.ZS,Niger,NER,..,..,..,..,..,..,..,..,..,..,..,0.39136,0.36453,0.37544,0.36573,0.36924,0.38425,0.38111,0.36917,0.3392,0.34939,0.37113,..,..,..,..,..,..,0.38639,0.38178,0.36511,0.3708,0.39802,0.45456,..,..,0.52576,0.54275,0.55996,0.581910014152527,0.594039976596832,0.600340008735657,0.594259977340698,0.610119998455048,0.605359971523285,0.626339972019196,0.626179993152618,0.613489985466003,0.604770004749298,0.600399971008301,0.671389997005463,0.642840027809143,0.668190002441406,0.686420023441315,..,..
Ratio of female to male secondary enrollment (%),SE.ENR.SECO.FM.ZS,Nigeria,NGA,..,..,..,..,..,..,..,..,..,..,0.47988,0.47928,0.48658,0.53604,..,..,..,0.48815,0.53951,0.52164,0.47395,0.51815,0.55606,0.41902,0.35356,..,0.7234,0.78547,..,0.79411,0.77892,..,..,..,..,..,..,..,..,0.915910005569458,0.849579989910126,0.841899991035461,0.770550012588501,..,0.808589994907379,0.842060029506683,0.827380001544952,0.781809985637665,0.846459984779358,0.882839977741241,0.88783997297287,..,..,..,..,..
Ratio of female to male secondary enrollment (%),SE.ENR.SECO.FM.ZS,Northern Mariana Islands,MNP,..,..,..,..,..,..,..,..,..,..,..,..,..,..,..,..,..,..,..,..,..,..,..,..,..,..,..,..,..,..,..,..,..,..,..,..,..,..,..,..,..,..,..,..,..,..,..,..,..,..,..,..,..,..,..,..
Ratio of female to male secondary enrollment (%),SE.ENR.SECO.FM.ZS,Norway,NOR,..,..,..,..,..,..,..,..,..,..,..,0.98931,0.98857,0.99065,0.99768,1.01415,1.00173,1.00812,1.02598,1.03746,1.03419,1.05364,1.06458,1.04583,1.06533,1.05883,1.05319,1.05096,1.05097,1.05408,1.0396,1.0312,1.01264,0.97473,0.97228,0.95005,0.94809,0.96147,1.00355,1.02307999134064,1.02462995052338,1.02244997024536,1.02023994922638,1.01912999153137,1.02788996696472,1.00894999504089,0.995850026607513,0.987269997596741,0.979390025138855,0.9791100025177,0.986620008945465,0.990220010280609,0.984570026397705,0.965269982814789,..,..
Ratio of female to male secondary enrollment (%),SE.ENR.SECO.FM.ZS,Oman,OMN,..,..,..,..,..,..,..,..,..,..,..,..,..,0.26847,0.24005,0.27793,0.20505,0.25212,0.23033,0.26169,0.30217,0.33273,0.38462,0.3792,0.41852,0.46439,0.51347,0.5642,0.61559,0.67269,0.71789,0.80683,0.86863,0.91241,0.93418,0.94657,0.94075,0.98803,0.99787,1.00199997425079,0.98335999250412,0.975870013237,0.960629999637604,0.946430027484894,..,0.952130019664764,0.963959991931915,0.969649970531464,0.954990029335022,0.922900021076202,..,0.950479984283447,..,1.16700005531311,..,..
Ratio of female to male secondary enrollment (%),SE.ENR.SECO.FM.ZS,Pakistan,PAK,..,..,..,..,..,..,..,..,..,..,..,0.25912,0.27302,0.29922,0.30526,0.32356,0.32007,0.33123,0.33643,0.37355,0.36533,0.36657,0.36835,0.35077,0.35197,0.36227,0.39174,0.40124,0.41066,0.41671,0.41643,0.47668,0.50069,..,..,..,..,..,..,..,..,..,..,..,..,..,0.777300000190735,0.760179996490479,0.760380029678345,0.793690025806427,0.772210001945496,0.752640008926392,0.735480010509491,0.732379972934723,..,..
Ratio of female to male secondary enrollment (%),SE.ENR.SECO.FM.ZS,Palau,PLW,..,..,..,..,..,..,..,..,..,..,..,..,..,..,..,..,..,..,..,..,..,..,..,..,..,..,..,..,..,..,..,..,..,..,..,..,..,..,..,1.06501996517181,1.0344500541687,..,..,..,1.02304005622864,..,..,..,..,..,..,..,..,1.02843999862671,1.05820000171661,..
Ratio of female to male secondary enrollment (%),SE.ENR.SECO.FM.ZS,Panama,PAN,..,..,..,..,..,..,..,..,..,..,1.11366,1.11038,1.09152,1.07545,1.11023,1.10249,1.08708,1.09936,1.10434,1.10832,1.12407,1.1245,1.12323,1.12891,1.12612,1.11773,1.12542,1.11213,1.10505,1.09066,1.07433,..,..,..,..,..,..,..,..,1.08352994918823,1.07175004482269,1.07864999771118,1.07368004322052,..,1.07785999774933,1.07623994350433,1.08747005462646,1.07748997211456,1.08246004581451,1.0832200050354,1.06745004653931,1.08010995388031,1.0541900396347,1.06867003440857,..,..
Ratio of female to male secondary enrollment (%),SE.ENR.SECO.FM.ZS,Papua New Guinea,PNG,..,..,..,..,..,..,..,..,..,..,0.37408,..,..,..,0.45362,0.4135,0.41104,0.41251,..,..,..,..,..,..,0.57756,..,0.58743,0.56108,0.57255,0.59923,0.65195,0.66746,0.66537,0.68161,0.68829,0.68064,..,..,0.70373,..,..,..,..,..,..,..,..,..,..,..,..,..,0.755089998245239,..,..,..
Ratio of female to male secondary enrollment (%),SE.ENR.SECO.FM.ZS,Paraguay,PRY,..,..,..,..,..,..,..,..,..,..,1.02125,1.05613,1.03107,1.03001,..,1.01414,1.01414,1.00076,1.00384,..,..,..,..,..,..,..,0.98732,0.98396,0.98302,1.0478,1.0353,1.052,..,1.05515,1.04554,1.06767,1.05548,1.05488,1.05005,1.03900003433228,1.034019947052,1.02228999137878,1.01470994949341,1.01363003253937,1.01905000209808,1.0263899564743,1.03576004505157,1.03784000873566,1.04475998878479,1.04683995246887,1.05051004886627,1.05183005332947,1.05911004543304,..,..,..
Ratio of female to male secondary enrollment (%),SE.ENR.SECO.FM.ZS,Peru,PER,..,..,..,..,..,..,..,..,..,..,0.77278,1.07294,1.04445,..,0.81831,2.45754,3.10208,0.88923,0.87435,0.89602,0.85989,0.88168,0.88635,..,..,0.90415,..,..,..,..,..,0.93611,..,..,..,0.93606,..,..,0.94526,0.939580023288727,0.931140005588531,0.931819975376129,0.930930018424988,0.939970016479492,0.97681999206543,0.974439978599548,0.984849989414215,0.985549986362457,0.990019977092743,0.978789985179901,0.986389994621277,0.984369993209839,0.964070022106171,0.977620005607605,..,..
Ratio of female to male secondary enrollment (%),SE.ENR.SECO.FM.ZS,Philippines,PHL,..,..,..,..,..,..,..,..,..,..,..,..,..,..,..,..,..,..,..,..,..,1.19343,1.09913,1.09874,1.07375,1.07358,1.04825,1.03981,0.99361,0.99311,1.03804,..,..,..,..,..,..,..,1.09869,1.09791994094849,..,1.10163998603821,1.10733997821808,1.10905003547668,1.11290001869202,1.1203099489212,1.1168999671936,1.10493004322052,1.09314000606537,1.08266997337341,..,..,..,1.07114005088806,..,..
Ratio of female to male secondary enrollment (%),SE.ENR.SECO.FM.ZS,Poland,POL,..,..,..,..,..,..,..,..,..,..,..,..,1.04527,1.0398,1.03394,..,..,..,..,..,..,..,..,..,..,..,..,..,..,1.04859,1.04731,1.03938,1.03483,1.00085,0.99739,1.00074,0.99675,0.9921,0.99393,0.985740005970001,0.977959990501404,0.973049998283386,0.96754002571106,0.958450019359589,1.01030004024506,0.991779983043671,0.98429000377655,0.985170006752014,0.988740026950836,0.9896399974823,0.987169981002808,0.986540019512177,0.985750019550323,0.962779998779297,..,..
Ratio of female to male secondary enrollment (%),SE.ENR.SECO.FM.ZS,Portugal,PRT,..,..,..,..,..,..,..,..,..,..,..,0.76214,0.80828,0.83252,0.87556,0.94972,0.971,1.00319,1.02408,1.16774,0.72876,..,..,..,..,..,1.1496,..,1.13845,..,1.00499,1.16038,..,1.1392,1.08804,1.07719,1.08952,..,1.07754,1.08166003227234,1.06651997566223,1.05668997764587,1.04858005046844,1.08931994438171,1.10395002365112,1.09809005260468,1.08855998516083,1.0721800327301,1.05435001850128,1.03814995288849,1.02234995365143,1.0132600069046,1.00487995147705,0.99957001209259,..,..
Ratio of female to male secondary enrollment (%),SE.ENR.SECO.FM.ZS,Puerto Rico,PRI,..,..,..,..,..,..,..,..,..,..,..,..,..,..,..,..,..,..,..,..,..,..,..,..,..,..,..,..,..,..,..,..,..,..,..,..,..,..,..,..,..,..,..,..,..,..,..,..,..,1.02796995639801,1.05625998973846,1.03899002075195,1.07571995258331,1.06231999397278,..,..
Ratio of female to male secondary enrollment (%),SE.ENR.SECO.FM.ZS,Qatar,QAT,..,..,..,..,..,..,..,..,..,..,..,0.6727,0.7914,0.92522,1.15214,1.20109,1.38704,1.23514,1.20771,1.14996,1.17953,1.12859,1.07981,1.02152,0.97612,0.94508,0.94687,1.23869,1.21647,1.26547,1.28066,1.2089,1.17203,1.06689,0.94408,0.84916,0.79795,..,1.03841,1.11386001110077,1.15227997303009,1.22769999504089,1.16953003406525,1.06395995616913,0.952080011367798,0.943719983100891,0.996890008449554,1.30228996276855,1.36729001998901,1.34220004081726,1.23444998264313,1.09817004203796,..,..,..,..
Ratio of female to male secondary enrollment (%),SE.ENR.SECO.FM.ZS,Romania,ROM,..,..,..,..,..,..,..,..,..,..,..,0.93514,0.92573,0.93199,0.93541,..,..,..,..,..,..,..,..,..,..,..,..,..,..,0.97426,0.97767,0.99784,1.0071,0.9973,1.02258,1.02548,1.01811,1.00214,1.01716,1.02195000648499,1.02298998832703,1.02148997783661,1.02070999145508,1.0188399553299,1.01396000385284,1.01250004768372,1.00539994239807,0.993520021438599,0.990059971809387,0.991970002651215,0.986100018024445,0.981890022754669,0.983990013599396,..,..,..
Ratio of female to male secondary enrollment (%),SE.ENR.SECO.FM.ZS,Russian Federation,RUS,..,..,..,..,..,..,..,..,..,..,..,..,..,..,..,..,..,..,..,..,..,..,..,..,..,..,..,..,..,..,..,..,..,..,1.02108,..,..,..,..,..,..,..,..,0.996209979057312,0.989989995956421,0.984759986400604,0.979179978370667,0.974550008773804,0.968450009822845,0.975300014019012,..,0.976080000400543,0.976960003376007,0.980859994888306,..,..
Ratio of female to male secondary enrollment (%),SE.ENR.SECO.FM.ZS,Rwanda,RWA,..,..,..,..,..,..,..,..,..,..,..,0.96008,..,..,..,..,1.07139,1.08116,1.03069,0.99276,0.79903,0.78565,0.79958,0.77519,0.76573,0.77621,0.78527,0.78988,0.79684,0.81145,0.8148,0.82003,0.80935,..,..,..,..,..,..,0.975600004196167,0.903580009937286,0.944369971752167,0.947960019111633,0.861479997634888,0.873730003833771,0.855379998683929,0.868350028991699,0.85369998216629,0.857789993286133,0.905900001525879,0.976170003414154,1.0237900018692,1.06528997421265,1.07085001468658,..,..
Ratio of female to male secondary enrollment (%),SE.ENR.SECO.FM.ZS,Samoa,WSM,..,..,..,..,..,..,..,..,..,..,1.11219,..,..,..,..,1.1033,1.05906,1.12706,1.0716,1.07302,1.03626,..,..,..,..,..,..,..,..,..,..,..,..,..,1.23232,1.1233,1.08995,1.12075,1.14269,1.11344003677368,1.13894999027252,1.13180005550385,1.11874997615814,1.1368499994278,1.12914001941681,1.1270899772644,1.1499400138855,1.15843999385834,..,1.15198004245758,1.13769996166229,1.13874995708466,1.10959994792938,..,..,..
Ratio of female to male secondary enrollment (%),SE.ENR.SECO.FM.ZS,San Marino,SMR,..,..,..,..,..,..,..,..,..,..,..,..,..,..,..,..,..,..,..,..,..,..,..,..,..,..,..,..,..,..,..,..,..,..,..,..,..,..,..,..,..,..,..,..,..,..,..,..,..,1.03518998622894,1.01907002925873,1.01348996162415,1.02613997459412,..,..,..
Ratio of female to male secondary enrollment (%),SE.ENR.SECO.FM.ZS,Sao Tome and Principe,STP,..,..,..,..,..,..,..,..,..,..,..,0.73365,0.83538,..,..,..,..,0.85754,..,..,..,..,..,..,..,..,..,..,0.92074,..,..,..,..,..,..,..,..,..,..,..,..,..,..,1.16582000255585,1.03784000873566,1.06851994991302,..,1.07931995391846,1.07634997367859,1.12530994415283,1.02963995933533,1.15337002277374,1.13611996173859,1.1089700460434,..,..
Ratio of female to male secondary enrollment (%),SE.ENR.SECO.FM.ZS,Saudi Arabia,SAU,..,..,..,..,..,..,..,..,..,..,..,..,..,..,..,..,..,..,..,0.58284,..,..,..,..,..,..,..,..,..,..,..,..,..,..,..,..,..,..,..,..,..,..,..,..,..,0.928449988365173,..,..,..,..,..,..,..,0.950770020484924,0.944069981575012,..
Ratio of female to male secondary enrollment (%),SE.ENR.SECO.FM.ZS,Senegal,SEN,..,..,..,..,..,..,..,..,..,..,..,0.4089,0.42117,..,..,..,..,..,0.46911,0.48117,0.48663,0.49324,0.51374,0.49931,0.49253,0.49914,0.49697,..,0.50672,0.49839,0.50944,..,0.53417,..,..,..,0.60672,0.6019,0.61872,0.642949998378754,0.651009976863861,0.659690022468567,0.67044997215271,..,0.719919979572296,0.745890021324158,0.757950007915497,..,0.789380013942719,..,0.870199978351593,0.911899983882904,..,..,..,..
Ratio of female to male secondary enrollment (%),SE.ENR.SECO.FM.ZS,Serbia,SRB,..,..,..,..,..,..,..,..,..,..,..,..,..,..,..,..,..,..,..,..,..,..,..,..,..,..,..,..,..,..,..,..,..,..,..,..,..,..,..,1.011510014534,1.02076005935669,1.01809000968933,1.02778005599976,1.03621995449066,1.03185999393463,1.03050994873047,1.03718996047974,1.02889001369476,1.02657997608185,1.02590000629425,1.01999998092651,1.01652002334595,1.01986002922058,1.02749001979828,..,..
Ratio of female to male secondary enrollment (%),SE.ENR.SECO.FM.ZS,Seychelles,SYC,..,..,..,..,..,..,..,..,..,..,1.33972,1.34753,1.25035,1.30681,1.23412,1.3722,1.32346,..,1.23865,1.20181,1.17585,1.15948,1.16975,1.08785,..,1.01245,0.97465,0.9318,0.94104,0.96629,..,0.99336,1.01238,1.02835,1.03236,1.00237,1.01826,..,0.99165,1.06640994548798,1.08410000801086,1.09581005573273,1.07877004146576,1.09186005592346,1.12549996376038,1.09534001350403,..,1.09228003025055,1.1115700006485,1.0972900390625,1.06269001960754,1.07317996025085,1.00663995742798,1.08448994159698,..,..
Ratio of female to male secondary enrollment (%),SE.ENR.SECO.FM.ZS,Sierra Leone,SLE,..,..,..,..,..,..,..,..,..,..,..,0.35389,0.3684,0.38478,0.40132,0.41114,0.42777,0.4316,0.43927,..,..,..,..,..,0.46364,0.46511,..,..,0.5017,0.4958,0.51658,0.56647,..,..,..,..,..,..,..,..,..,0.70566999912262,..,..,..,..,..,..,..,..,..,0.748529970645905,0.858420014381409,0.87388002872467,..,..
Ratio of female to male secondary enrollment (%),SE.ENR.SECO.FM.ZS,Singapore,SGP,..,..,..,..,..,..,..,..,..,..,..,..,..,..,..,..,..,..,..,..,..,..,..,..,..,..,..,..,..,..,..,..,..,..,..,..,..,..,..,..,..,..,..,..,..,..,..,..,..,..,..,..,..,..,..,..
Ratio of female to male secondary enrollment (%),SE.ENR.SECO.FM.ZS,Sint Maarten (Dutch part),SXM,..,..,..,..,..,..,..,..,..,..,..,..,..,..,..,..,..,..,..,..,..,..,..,..,..,..,..,..,..,..,..,..,..,..,..,..,..,..,..,..,..,..,..,..,..,..,..,..,..,..,..,..,..,..,..,..
Ratio of female to male secondary enrollment (%),SE.ENR.SECO.FM.ZS,Slovak Republic,SVK,..,..,..,..,..,..,..,..,..,..,..,..,..,..,..,..,..,..,..,..,..,..,..,..,..,..,..,..,..,..,..,..,..,1.0377,1.03636,1.04879,1.03257,1.02862,1.0209,1.02250003814697,1.01854002475739,1.01293003559113,1.0093799829483,1.00668001174927,1.01162004470825,1.00817000865936,1.00794005393982,1.007159948349,1.00919997692108,1.0116800069809,1.0100200176239,1.00595998764038,1.00552999973297,1.01793003082275,..,..
Ratio of female to male secondary enrollment (%),SE.ENR.SECO.FM.ZS,Slovenia,SVN,..,..,..,..,..,..,..,..,..,..,..,..,..,..,..,..,..,..,..,..,..,..,..,..,..,..,..,..,..,..,..,..,..,1.03202,1.02527,1.02563,1.02654,1.02765,1.02807,1.02578997612,1.03228998184204,1.01845002174377,1.00233995914459,0.992900013923645,0.997979998588562,0.996490001678467,0.999199986457825,0.997139990329742,0.998290002346039,1.00076997280121,0.991900026798248,0.987569987773895,0.992370009422302,0.99685001373291,..,..
Ratio of female to male secondary enrollment (%),SE.ENR.SECO.FM.ZS,Solomon Islands,SLB,..,..,..,..,..,..,..,..,..,..,0.38922,0.41169,..,..,..,0.35687,..,..,..,..,..,..,..,..,..,..,0.63869,..,..,..,0.61644,0.58963,0.61541,0.60332,0.64338,..,..,..,..,0.746200025081635,0.779649972915649,0.80637001991272,0.802039980888367,..,..,0.825559973716736,0.820119976997375,0.820070028305054,..,..,0.861880004405975,0.911360025405884,0.944500029087067,..,..,..
Ratio of female to male secondary enrollment (%),SE.ENR.SECO.FM.ZS,Somalia,SOM,..,..,..,..,..,..,..,..,..,..,..,0.23083,0.22616,0.23477,0.24748,..,0.30802,0.28416,0.3017,0.30877,0.34629,0.48236,0.50317,0.51971,0.55307,0.55016,0.54731,..,..,..,..,..,..,..,..,..,..,..,..,..,..,..,..,..,..,..,..,0.460469990968704,..,..,..,..,..,..,..,..
Ratio of female to male secondary enrollment (%),SE.ENR.SECO.FM.ZS,South Africa,ZAF,..,..,..,..,..,..,..,..,..,..,..,..,..,..,..,..,..,..,..,..,..,..,..,..,..,..,..,..,..,1.1383,1.16123,1.17354,..,..,1.1493,..,..,..,1.14083,1.13016998767853,1.10505998134613,1.09351003170013,1.07222998142242,1.0639899969101,1.06576001644135,1.05691003799438,1.0485999584198,1.03378999233246,1.02303004264832,1.029629945755,1.03427004814148,1.02917003631592,1.03178000450134,1.06895995140076,..,..
Ratio of female to male secondary enrollment (%),SE.ENR.SECO.FM.ZS,South Sudan,SSD,..,..,..,..,..,..,..,..,..,..,..,..,..,..,..,..,..,..,..,..,..,..,..,..,..,..,..,..,..,..,..,..,..,..,..,..,..,..,..,..,..,..,..,..,..,..,..,..,..,..,..,..,..,..,..,..
Ratio of female to male secondary enrollment (%),SE.ENR.SECO.FM.ZS,Spain,ESP,..,..,..,..,..,..,..,..,..,..,..,0.78582,0.79008,0.86652,0.87753,0.9466,0.9604,0.97803,0.98784,0.95048,1.03294,1.0378,1.00094,1.06909,1.04489,1.04838,1.07995,1.08266,1.07728,1.07245,1.05924,1.06622,1.07875,1.08396,1.0851,1.08417,1.10612,1.05916,1.06797,1.06457996368408,1.05987000465393,1.055340051651,1.06264996528625,1.05469000339508,1.06245005130768,1.06173002719879,1.06149995326996,1.06377005577087,1.05799996852875,1.04463005065918,1.02206003665924,1.01138997077942,1.00873005390167,1.00600004196167,..,..
Ratio of female to male secondary enrollment (%),SE.ENR.SECO.FM.ZS,Sri Lanka,LKA,..,..,..,..,..,..,..,..,..,..,..,..,..,..,..,..,1.06169,..,..,..,..,1.10273,1.11334,1.10711,1.10908,1.10755,1.11528,1.08972,1.08501,1.0808,1.08103,1.09228,1.08752,1.08509,1.09716,1.08156,..,..,..,..,..,..,..,..,..,..,..,..,..,..,1.0233199596405,1.0322699546814,1.06140995025635,1.06226003170013,..,..
Ratio of female to male secondary enrollment (%),SE.ENR.SECO.FM.ZS,St. Kitts and Nevis,KNA,..,..,..,..,..,..,..,..,..,..,..,..,..,..,..,..,..,..,..,..,..,..,..,..,0.96863,0.96665,0.98763,1.05478,1.09499,1.08175,..,..,1.04095,1.05828,..,..,..,..,..,..,1.10093998908997,1.12716996669769,1.12668001651764,1.19208002090454,1.14377999305725,1.06906998157501,..,1.00402998924255,1.05367994308472,1.07551002502441,0.992039978504181,1.03805005550385,1.05067002773285,1.18083000183105,..,..
Ratio of female to male secondary enrollment (%),SE.ENR.SECO.FM.ZS,St. Lucia,LCA,..,..,..,..,..,..,..,..,..,..,..,..,1.15461,1.16878,..,..,..,1.31764,..,..,..,1.26256,1.30974,1.25318,1.33614,1.6396,1.63575,1.59566,..,..,1.50845,1.44298,1.54521,1.67151,..,..,..,1.25518,..,1.2617199420929,1.29807996749878,1.25682997703552,1.2820999622345,1.22574996948242,0.969340026378632,1.17584002017975,1.16802000999451,1.11117005348206,1.04714000225067,1.03216004371643,0.988259971141815,0.972339987754822,0.985140025615692,0.999660015106201,..,..
Ratio of female to male secondary enrollment (%),SE.ENR.SECO.FM.ZS,St. Martin (French part),MAF,..,..,..,..,..,..,..,..,..,..,..,..,..,..,..,..,..,..,..,..,..,..,..,..,..,..,..,..,..,..,..,..,..,..,..,..,..,..,..,..,..,..,..,..,..,..,..,..,..,..,..,..,..,..,..,..
Ratio of female to male secondary enrollment (%),SE.ENR.SECO.FM.ZS,St. Vincent and the Grenadines,VCT,..,..,..,..,..,..,..,..,..,..,..,0.98106,1.31264,..,1.33901,1.41409,1.43906,..,..,..,..,..,1.45618,..,1.4225,1.49116,1.47913,1.31845,1.54609,..,..,1.24467,..,..,..,..,..,..,..,..,1.34063994884491,1.17420995235443,1.1174099445343,1.0995500087738,1.08044004440308,1.25099003314972,..,1.12229001522064,1.11716997623444,1.03819000720978,1.02434003353119,0.931869983673096,0.9617800116539,0.955649971961975,..,..
Ratio of female to male secondary enrollment (%),SE.ENR.SECO.FM.ZS,Sudan,SDN,..,..,..,..,..,..,..,..,..,..,..,..,..,..,..,..,..,..,..,..,..,..,..,..,..,..,..,..,..,..,..,..,..,..,..,..,..,..,..,..,..,0.813809990882874,0.961440026760101,0.916059970855713,0.924629986286163,0.929260015487671,0.956470012664795,0.913609981536865,0.899370014667511,0.867479979991913,0.866310000419617,0.915059983730316,0.912949979305267,..,..,..
Ratio of female to male secondary enrollment (%),SE.ENR.SECO.FM.ZS,Suriname,SUR,..,..,..,..,..,..,..,..,..,..,..,1.23006,1.24681,1.32532,1.24218,1.29173,1.23729,1.09832,1.13025,1.11691,..,..,..,..,..,..,1.23242,1.25965,1.30171,1.24736,1.27923,1.18513,1.19613,1.19409,..,..,..,..,..,..,..,1.18523001670837,1.38881003856659,..,..,1.28965997695923,1.31560003757477,1.33069002628326,1.27980995178223,1.22713005542755,..,1.31433999538422,..,1.29431998729706,..,..
Ratio of female to male secondary enrollment (%),SE.ENR.SECO.FM.ZS,Swaziland,SWZ,..,..,..,..,..,..,..,..,..,..,0.75049,0.7647,0.73954,0.74681,0.77952,0.81549,0.84809,0.88799,..,..,..,..,..,..,..,..,..,..,..,..,..,..,..,..,..,..,..,..,1.00562,0.999109983444214,1.00853002071381,1.00686001777649,1.0277099609375,1.02182996273041,0.98132997751236,1.01961004734039,1.02433001995087,0.907360017299652,..,1.01080000400543,0.999480009078979,0.972029983997345,0.988160014152527,..,..,..
Ratio of female to male secondary enrollment (%),SE.ENR.SECO.FM.ZS,Sweden,SWE,..,..,..,..,..,..,..,..,..,..,..,0.97923,0.96328,0.99446,1.00337,1.00258,1.0939,1.08096,1.09034,1.08082,1.10819,1.1109,1.1355,1.13063,1.13288,1.12593,..,1.03825,1.02552,1.03887,1.04526,1.04595,1.04329,1.13825,1.13175,1.15069,1.17357,1.19357,1.2531,1.26172995567322,1.27000999450684,1.26302003860474,1.21377003192902,1.18265998363495,1.03165996074677,0.995480000972748,0.995400011539459,0.992929995059967,0.993889987468719,0.992529988288879,0.989950001239777,0.989650011062622,0.984350025653839,1.12559998035431,..,..
Ratio of female to male secondary enrollment (%),SE.ENR.SECO.FM.ZS,Switzerland,CHE,..,..,..,..,..,..,..,..,..,..,..,..,..,..,..,..,..,..,0.86662,0.8853,0.89489,0.89855,0.90267,0.90438,0.90453,0.90953,0.91341,0.91861,0.92458,0.93373,0.93596,0.94219,0.94228,0.92563,0.93247,0.9367,0.94275,..,0.91907,0.92875999212265,0.937489986419678,0.949509978294373,0.943509995937347,0.940289974212646,0.935159981250763,0.94047999382019,0.942879974842072,0.94828999042511,0.953930020332336,0.959559977054596,0.971010029315948,0.974870026111603,0.968890011310577,..,..,..
Ratio of female to male secondary enrollment (%),SE.ENR.SECO.FM.ZS,Syrian Arab Republic,SYR,..,..,..,..,..,..,..,..,..,..,..,0.35656,0.37496,0.3909,0.41405,0.44256,0.46248,0.49196,0.51381,0.54009,0.57334,0.59182,0.60351,0.62044,0.63708,0.66342,0.6837,0.68969,0.70498,0.70827,0.728,0.73621,0.76308,0.80377,0.81206,0.83292,0.87324,0.89895,0.89991,0.917079985141754,0.919369995594025,0.904139995574951,0.911639988422394,0.937160015106201,0.946789979934692,0.955919981002808,0.970600008964539,0.992739975452423,1.00266003608704,1.00969004631042,1.0075900554657,1.00223004817963,1.00448000431061,0.999300003051758,..,..
Ratio of female to male secondary enrollment (%),SE.ENR.SECO.FM.ZS,Tajikistan,TJK,..,..,..,..,..,..,..,..,..,..,..,..,..,..,..,..,..,..,..,..,..,..,..,..,..,..,..,..,..,..,..,..,..,..,..,..,..,..,..,0.857290029525757,0.856649994850159,0.829270005226135,0.820010006427765,0.827989995479584,0.837149977684021,0.830900013446808,0.828949987888336,0.842410027980804,0.874270021915436,0.887430012226105,0.871550023555756,0.878740012645721,0.895089983940125,..,..,..
Ratio of female to male secondary enrollment (%),SE.ENR.SECO.FM.ZS,Tanzania,TZA,..,..,..,..,..,..,..,..,..,..,0.40067,0.40554,0.37679,0.39857,0.43313,0.45353,0.51887,0.51139,0.51209,0.53311,..,0.53303,0.52905,0.54198,..,0.59065,0.62249,0.65221,0.69234,0.73209,..,0.75483,0.77057,0.77378,0.7904,0.80254,0.84914,0.79975,..,..,..,..,..,..,..,..,..,..,..,..,0.815500020980835,..,0.875029981136322,0.920549988746643,..,..
Ratio of female to male secondary enrollment (%),SE.ENR.SECO.FM.ZS,Thailand,THA,..,..,..,..,..,..,..,..,..,..,..,0.72067,..,0.73103,0.73376,0.7533,0.78985,0.81629,0.84081,..,..,..,..,..,..,..,..,..,..,..,1.04094,0.96125,0.96489,0.97513,..,..,..,..,..,..,..,0.973129987716675,1.00062000751495,..,1.07313001155853,1.058109998703,1.07245004177094,1.0813000202179,1.07330000400543,1.07334005832672,1.06171000003815,1.05934000015259,1.0563999414444,1.07527005672455,..,..
Ratio of female to male secondary enrollment (%),SE.ENR.SECO.FM.ZS,Timor-Leste,TMP,..,..,..,..,..,..,..,..,..,..,..,..,..,..,..,..,..,..,..,..,..,..,..,..,..,..,..,..,..,..,..,..,..,..,..,..,..,..,..,..,..,..,..,..,0.960730016231537,0.980359971523285,..,..,0.987129986286163,0.974759995937347,0.997730016708374,1.01947999000549,..,..,..,..
Ratio of female to male secondary enrollment (%),SE.ENR.SECO.FM.ZS,Togo,TGO,..,..,..,..,..,..,..,..,..,..,..,0.28729,0.32727,0.30829,0.31019,0.30094,0.31089,0.29486,0.29825,0.31091,0.31669,..,0.337,0.33086,0.32319,0.31337,0.30781,0.30536,0.32338,0.31062,0.3392,0.33517,0.32351,..,0.33779,0.34854,0.34908,0.35985,..,0.397359997034073,0.44420000910759,0.45660999417305,0.4757100045681,0.491219997406006,0.514450013637543,0.530499994754791,0.545759975910187,0.52894002199173,..,..,..,..,..,..,..,..
Ratio of female to male secondary enrollment (%),SE.ENR.SECO.FM.ZS,Tonga,TON,..,..,..,..,..,..,..,..,..,..,0.9901,1.01517,0.951,1.00835,1.01109,1.01518,..,..,1.03409,..,..,0.95417,0.98103,..,1.06559,1.09502,1.04764,..,..,..,0.98192,1.02472,..,0.98536,..,..,..,..,1.17074,1.14303994178772,1.11615002155304,1.09464001655579,1.1032999753952,..,..,..,1.00274002552032,0.722840011119843,1.03454995155334,1.28352999687195,1.06780004501343,0.967279970645905,1.04103004932404,1.03884994983673,..,..
Ratio of female to male secondary enrollment (%),SE.ENR.SECO.FM.ZS,Trinidad and Tobago,TTO,..,..,..,..,..,..,..,..,..,..,..,1.07695,1.05773,1.08592,..,..,..,1.031,..,..,..,..,1.02099,1.02584,1.02756,1.01807,..,1.02237,1.01357,1.03319,1.03678,1.04328,1.02644,1.03578,..,..,..,..,..,..,..,..,..,..,1.07122004032135,..,..,..,..,..,..,..,..,..,..,..
Ratio of female to male secondary enrollment (%),SE.ENR.SECO.FM.ZS,Tunisia,TUN,..,..,..,..,..,..,..,..,..,..,..,0.39013,0.40053,0.42287,0.44952,0.47312,0.52493,0.5623,0.5731,0.5869,0.59632,0.60115,0.6164,0.62477,0.64416,0.67841,0.69086,0.71605,0.72841,0.74876,0.76225,0.78341,0.82236,0.85059,0.89174,0.91142,0.93345,0.95253,..,1.0100599527359,1.05025994777679,1.04728996753693,1.03510999679565,1.07104003429413,..,1.09556996822357,1.09642994403839,..,1.08011996746063,1.07595002651215,1.07178997993469,1.04862999916077,..,..,..,..
Ratio of female to male secondary enrollment (%),SE.ENR.SECO.FM.ZS,Turkey,TUR,..,..,..,..,..,..,..,..,..,..,..,0.38582,0.39137,0.40738,0.42659,..,0.4518,0.45549,0.45742,0.47517,0.48223,..,0.52496,0.53635,0.5423,..,0.54286,0.55024,0.56081,0.57494,0.58916,0.60299,0.61887,0.63245,0.65517,0.64926,..,0.67667,..,0.680930018424988,0.723540008068085,0.724479973316193,0.722500026226044,0.725939989089966,0.770449995994568,0.831049978733063,0.839969992637634,0.851339995861053,0.882860004901886,0.911790013313293,0.91609001159668,0.917999982833862,0.948239982128143,0.968500018119812,..,..
Ratio of female to male secondary enrollment (%),SE.ENR.SECO.FM.ZS,Turkmenistan,TKM,..,..,..,..,..,..,..,..,..,..,..,..,..,..,..,..,..,..,..,..,..,..,..,..,..,..,..,..,..,..,..,..,..,..,..,..,..,..,..,..,..,..,..,..,..,..,..,..,..,..,..,..,..,..,0.96288001537323,..
Ratio of female to male secondary enrollment (%),SE.ENR.SECO.FM.ZS,Turks and Caicos Islands,TCA,..,..,..,..,..,..,..,..,..,..,..,..,..,..,..,..,..,..,..,..,..,..,..,..,..,..,..,..,..,..,..,..,..,..,..,..,..,..,..,..,..,..,..,0.997600018978119,0.976400017738342,0.935699999332428,..,..,..,..,..,..,..,..,..,..
Ratio of female to male secondary enrollment (%),SE.ENR.SECO.FM.ZS,Tuvalu,TUV,..,..,..,..,..,..,..,..,..,..,..,..,..,..,..,..,..,..,..,..,..,..,..,..,..,..,..,..,..,..,..,..,..,..,..,..,..,..,..,..,..,1.09779000282288,..,..,..,..,..,..,..,..,..,..,..,1.25413000583649,..,..
Ratio of female to male secondary enrollment (%),SE.ENR.SECO.FM.ZS,Uganda,UGA,..,..,..,..,..,..,..,..,..,..,..,..,..,..,..,0.35055,0.37402,0.37959,0.3866,0.39588,..,0.44337,0.49452,..,..,..,0.52849,..,..,..,0.57522,..,0.59007,..,0.61755,..,..,0.64858,..,..,0.770940005779266,0.769509971141815,0.806599974632263,0.81003999710083,0.804059982299805,0.800270020961761,0.813090026378632,0.819270014762878,0.850189983844757,0.831809997558594,0.859080016613007,0.854390025138855,..,0.87024998664856,..,..
Ratio of female to male secondary enrollment (%),SE.ENR.SECO.FM.ZS,Ukraine,UKR,..,..,..,..,..,..,..,..,..,..,..,..,..,..,..,..,..,..,..,..,..,..,..,..,..,..,..,..,..,..,..,..,..,1.07252,1.06961,..,..,..,..,1.03810000419617,1.01242005825043,0.994120001792908,1.00785005092621,1.00019001960754,0.990019977092743,0.925620019435883,0.986400008201599,0.997359991073608,0.9826700091362,0.979759991168976,0.976220011711121,0.970770001411438,0.978609979152679,0.970229983329773,..,..
Ratio of female to male secondary enrollment (%),SE.ENR.SECO.FM.ZS,United Arab Emirates,ARE,..,..,..,..,..,..,..,..,..,..,..,..,..,0.59793,0.89513,0.90937,0.81883,0.92517,1.0371,0.98767,0.95599,0.89774,0.96015,0.95422,0.94369,0.9657,0.99547,1.12771,1.20006,1.23204,1.23087,1.19998,1.18116,1.14258,1.09511,1.05601,..,1.10309,1.11877,1.09730005264282,..,..,..,..,..,..,..,..,..,..,..,..,..,..,..,..
Ratio of female to male secondary enrollment (%),SE.ENR.SECO.FM.ZS,United Kingdom,GBR,..,..,..,..,..,..,..,..,..,..,..,0.99628,0.99738,1.00002,1.00479,1.00748,1.01071,1.01412,1.01647,1.02194,1.02617,1.03166,1.03121,1.03006,1.02875,1.02707,1.03663,1.02596,1.02628,1.0294,1.03403,1.03752,1.03576,0.98792,0.99022,0.99438,0.99885,1.00311,1.00599,1.00668001174927,1.00977003574371,1.00831997394562,1.01387000083923,1.0338100194931,1.02841997146606,1.02980005741119,1.0302300453186,1.02360999584198,1.02231001853943,1.01760005950928,1.00896000862122,1.0110000371933,1.00165998935699,1.04393994808197,..,..
Ratio of female to male secondary enrollment (%),SE.ENR.SECO.FM.ZS,United States,USA,..,..,..,..,..,..,..,..,..,..,..,..,0.55853,..,..,..,..,..,1.00475,..,..,1.01015,1.00546,1.00163,0.99561,0.98984,1.00309,1.00522,..,..,0.99814,1.01867,..,1.00197,0.99694,1.01966,1.00565,..,1.04284,..,1.01460003852844,1.01570999622345,0.992049992084503,1.00293004512787,1.02218997478485,1.02104997634888,0.996999979019165,1.00785994529724,0.995620012283325,1.01389002799988,1.0106999874115,1.00446999073029,1.00381994247437,0.999800026416779,..,..
Ratio of female to male secondary enrollment (%),SE.ENR.SECO.FM.ZS,Uruguay,URY,..,..,..,..,..,..,..,..,..,..,1.17187,1.16048,1.13962,1.1561,..,..,..,..,1.09989,1.1279,..,..,..,..,..,..,..,..,..,..,..,..,..,..,1.18826,1.20353,..,..,1.32641,1.17147994041443,1.13716995716095,1.13648998737335,1.12426996231079,1.14821994304657,1.15216994285583,1.15200996398926,1.16032004356384,0.988200008869171,1.13440001010895,1.13297998905182,1.13729000091553,..,..,..,..,..
Ratio of female to male secondary enrollment (%),SE.ENR.SECO.FM.ZS,Uzbekistan,UZB,..,..,..,..,..,..,..,..,..,..,..,..,..,..,..,..,..,..,..,..,..,..,..,..,..,..,..,..,..,..,..,..,..,..,..,..,..,..,..,0.983240008354187,0.969079971313477,0.968739986419678,0.968959987163544,0.963020026683807,0.957189977169037,0.967310011386871,0.971989989280701,0.982070028781891,0.984950006008148,0.990890026092529,0.986029982566834,0.97842001914978,..,..,..,..
Ratio of female to male secondary enrollment (%),SE.ENR.SECO.FM.ZS,Vanuatu,VUT,..,..,..,..,..,..,..,..,..,..,0.82893,0.82979,0.76536,0.7213,0.70732,0.82776,0.7905,0.8029,0.79193,..,0.81045,0.7579,..,0.66668,..,..,..,..,..,..,..,0.81208,..,..,..,..,..,..,..,0.876969993114471,1.14122998714447,0.9130499958992,0.944280028343201,0.839879989624023,0.864040017127991,..,..,..,..,..,0.997889995574951,..,..,..,..,..
Ratio of female to male secondary enrollment (%),SE.ENR.SECO.FM.ZS,"Venezuela, RB",VEN,..,..,..,..,..,..,..,..,..,..,..,1.06273,1.06916,1.0943,1.13177,1.13668,..,..,..,..,..,..,..,..,1.24419,1.25585,1.23161,1.23461,1.22996,1.23663,..,1.24051,1.24137,1.24954,..,..,..,..,..,1.22422003746033,1.19749999046326,1.17304003238678,1.16021001338959,1.14924001693726,1.13835000991821,1.12873005867004,1.12411999702454,1.11600995063782,1.10160994529724,1.09367001056671,1.09669005870819,1.09369003772736,1.09376001358032,1.09116995334625,..,..
Ratio of female to male secondary enrollment (%),SE.ENR.SECO.FM.ZS,Vietnam,VNM,..,..,..,..,..,..,..,..,..,..,..,..,..,..,..,..,1.03211,0.97249,..,..,..,..,..,..,..,..,..,..,..,..,..,..,..,..,..,..,..,..,0.89732,..,..,..,..,..,..,..,..,..,..,..,..,..,..,..,..,..
Ratio of female to male secondary enrollment (%),SE.ENR.SECO.FM.ZS,Virgin Islands (U.S.),VIR,..,..,..,..,..,..,..,..,..,..,..,..,..,..,..,..,..,..,..,..,..,..,..,..,..,..,..,..,..,..,1.00734,1.00831,0.98537,..,..,..,..,..,..,..,..,..,..,..,..,..,..,..,..,..,..,..,..,..,..,..
Ratio of female to male secondary enrollment (%),SE.ENR.SECO.FM.ZS,West Bank and Gaza,WBG,..,..,..,..,..,..,..,..,..,..,..,..,..,..,..,..,..,..,..,..,..,..,..,..,..,..,..,..,..,..,..,..,..,..,..,0.96396,0.97496,0.993,..,1.02032995223999,1.0440399646759,1.0638200044632,1.05220997333527,1.04826998710632,1.0432300567627,1.04596996307373,1.05642998218536,1.0621999502182,1.07079005241394,1.06930994987488,1.08071005344391,1.1041100025177,1.09709000587463,1.09773004055023,..,..
Ratio of female to male secondary enrollment (%),SE.ENR.SECO.FM.ZS,"Yemen, Rep.",YEM,..,..,..,..,..,..,..,..,..,..,..,..,..,..,..,..,..,..,..,..,..,..,..,..,..,..,..,..,..,..,..,..,..,..,..,..,..,..,..,0.365299999713898,..,0.407310009002686,..,0.445580005645752,0.469469994306564,0.48879998922348,..,..,0.566860020160675,..,0.6214399933815,0.633780002593994,0.654229998588562,0.687699973583221,..,..
Ratio of female to male secondary enrollment (%),SE.ENR.SECO.FM.ZS,Zambia,ZMB,..,..,..,..,..,..,..,..,..,..,0.48058,..,0.49356,..,0.49896,..,..,..,..,0.53272,0.54031,0.55375,0.54949,..,..,..,0.59537,..,0.59208,..,..,..,..,..,..,..,..,..,..,..,..,..,..,..,..,..,..,..,..,..,..,..,..,..,..,..
Ratio of female to male secondary enrollment (%),SE.ENR.SECO.FM.ZS,Zimbabwe,ZWE,..,..,..,..,..,..,..,..,..,..,0.65104,0.66282,0.64015,0.66795,0.68344,0.71278,0.72378,0.7454,0.76726,0.83195,..,0.7293,0.70405,0.69227,0.68325,0.6845,0.68085,0.71276,0.72388,0.73813,0.88019,0.78765,0.786,0.79724,0.81633,0.8366,0.85588,..,..,0.883830010890961,0.879880011081696,0.885990023612976,0.882369995117188,0.903450012207031,..,..,..,..,..,..,..,..,0.972549974918365,..,..,..
,,,,,,,,,,,,,,,,,,,,,,,,,,,,,,,,,,,,,,,,,,,,,,,,,,,,,,,,,,,
,,,,,,,,,,,,,,,,,,,,,,,,,,,,,,,,,,,,,,,,,,,,,,,,,,,,,,,,,,,
,,,,,,,,,,,,,,,,,,,,,,,,,,,,,,,,,,,,,,,,,,,,,,,,,,,,,,,,,,,
Data from database: Gender Statistics,,,,,,,,,,,,,,,,,,,,,,,,,,,,,,,,,,,,,,,,,,,,,,,,,,,,,,,,,,,
Last Updated: 10/15/2015,,,,,,,,,,,,,,,,,,,,,,,,,,,,,,,,,,,,,,,,,,,,,,,,,,,,,,,,,,,
